exp_name,tag,epoch,is_best_val,model,tin,tout,ckpt_path,train_mse,train_rmse,train_mae,train_mape,train_r2,train_rmse_t,train_mae_t,val_mse,val_rmse,val_mae,val_mape,val_r2,val_rmse_t,val_mae_t,test_mse,test_rmse,test_mae,test_mape,test_r2,test_rmse_t,test_mae_t
swinLstm_B,epoch,0,1,SwinLSTM,14,7,./checkpoints/swinLstm_B.pt,0.12156064782608697,0.2933665238923795,0.22227780132534655,126.40193833696081,0.8758705680040603,"(0.261753, 0.256195, 0.275853, 0.289318, 0.304054, 0.318869, 0.333176)","(0.192991, 0.192635, 0.209593, 0.221283, 0.233817, 0.246667, 0.258959)",0.03434282721116625,0.18361131846904755,0.13844627321794115,85.72031968215416,0.8832029412532675,"(0.137160, 0.146876, 0.165640, 0.182002, 0.197300, 0.211694, 0.225571)","(0.100397, 0.110141, 0.126066, 0.139702, 0.152398, 0.164419, 0.176002)",,,,,,,
swinLstm_B,epoch,1,1,SwinLSTM,14,7,./checkpoints/swinLstm_B.pt,0.03550871918374236,0.1882963206635064,0.14173352884802412,84.89119351163824,0.9640244686223091,"(0.136755, 0.152996, 0.172554, 0.188513, 0.202941, 0.216258, 0.229517)","(0.099561, 0.114237, 0.131115, 0.144585, 0.156521, 0.167603, 0.178513)",0.030868898948718762,0.1741705778343924,0.1321767196059227,76.87371984021416,0.8909759172077837,"(0.122938, 0.138101, 0.157662, 0.173843, 0.188574, 0.202269, 0.215387)","(0.091426, 0.104725, 0.121209, 0.134613, 0.146674, 0.157909, 0.168681)",,,,,,,
swinLstm_B,epoch,2,1,SwinLSTM,14,7,./checkpoints/swinLstm_B.pt,0.032213313871637936,0.17930212541134588,0.13505680379556848,81.09287268050174,0.9674186104155601,"(0.122678, 0.143650, 0.163745, 0.180177, 0.194546, 0.208018, 0.221003)","(0.089952, 0.108088, 0.125065, 0.138570, 0.150429, 0.161349, 0.171944)",0.029790163746681707,0.1713408283118544,0.12953548929814634,75.82660793435984,0.896006006619026,"(0.113056, 0.132858, 0.153446, 0.170802, 0.186602, 0.201496, 0.215983)","(0.084382, 0.100817, 0.117844, 0.132120, 0.145061, 0.157322, 0.169202)",,,,,,,
swinLstm_B,epoch,3,1,SwinLSTM,14,7,./checkpoints/swinLstm_B.pt,0.03097015626213335,0.17579397377866976,0.13256067746972783,79.67208359089304,0.9685408755185756,"(0.115572, 0.138846, 0.159948, 0.176402, 0.191442, 0.205646, 0.218934)","(0.085239, 0.104888, 0.122459, 0.136196, 0.148390, 0.159917, 0.170836)",0.028998957946896553,0.1696780082480661,0.1297970953686484,85.77961290293726,0.8967823221765715,"(0.109355, 0.131014, 0.152186, 0.169592, 0.185274, 0.199894, 0.214008)","(0.081967, 0.100134, 0.118061, 0.132811, 0.146121, 0.158678, 0.170807)",,,,,,,
swinLstm_B,epoch,4,1,SwinLSTM,14,7,./checkpoints/swinLstm_B.pt,0.03004698576207491,0.17311075506380483,0.13050932223175435,78.71758499551326,0.9694876601087287,"(0.110723, 0.135812, 0.157265, 0.174257, 0.189139, 0.203080, 0.216410)","(0.081931, 0.102749, 0.120606, 0.134592, 0.146747, 0.158062, 0.168879)",0.028472806359159535,0.1666330497326522,0.12755631424229721,66.20983324379756,0.8898749022648252,"(0.106349, 0.129238, 0.150057, 0.167037, 0.182189, 0.196292, 0.209882)","(0.080806, 0.099674, 0.116984, 0.130938, 0.143328, 0.154944, 0.166220)",,,,,,,
swinLstm_B,epoch,5,1,SwinLSTM,14,7,./checkpoints/swinLstm_B.pt,0.02886061055308327,0.16973975962699536,0.1278983079134784,76.76018035158198,0.9707098885419521,"(0.106696, 0.132793, 0.154454, 0.171238, 0.185786, 0.199339, 0.212441)","(0.079013, 0.100485, 0.118366, 0.132204, 0.144168, 0.155212, 0.165840)",0.026212860476867907,0.16088153319112186,0.12038677339923792,72.63925276131465,0.9059077645170277,"(0.099995, 0.124102, 0.144899, 0.161613, 0.176354, 0.190034, 0.203175)","(0.074169, 0.093438, 0.110461, 0.124023, 0.135929, 0.147034, 0.157654)",,,,,,,
swinLstm_B,epoch,6,0,SwinLSTM,14,7,./checkpoints/swinLstm_B.pt,0.028356296634499695,0.16822146193611814,0.12657925240853998,75.79660892486572,0.9712382656462649,"(0.103914, 0.131271, 0.152824, 0.169864, 0.184579, 0.197854, 0.210999)","(0.076911, 0.099214, 0.117152, 0.131119, 0.143112, 0.153961, 0.164585)",0.03122449643781473,0.17419072471815963,0.12944082864399614,65.23948255078545,0.8975472265276415,"(0.101672, 0.129533, 0.153572, 0.173604, 0.191744, 0.208906, 0.225567)","(0.075861, 0.097838, 0.117215, 0.133146, 0.147374, 0.160810, 0.173841)",,,,,,,
swinLstm_B,epoch,7,0,SwinLSTM,14,7,./checkpoints/swinLstm_B.pt,0.02805436110282515,0.16730583811632244,0.12573332050220765,75.35822527459327,0.9715673663514726,"(0.101877, 0.130261, 0.151920, 0.168955, 0.183567, 0.197371, 0.210255)","(0.075455, 0.098354, 0.116402, 0.130390, 0.142286, 0.153356, 0.163890)",0.028515085802766783,0.167835530022095,0.12888199424949184,75.24228881967478,0.8929658223842752,"(0.101184, 0.127863, 0.150274, 0.168352, 0.184427, 0.199346, 0.213677)","(0.077071, 0.098753, 0.117620, 0.132808, 0.146273, 0.158805, 0.170845)",,,,,,,
swinLstm_B,epoch,8,0,SwinLSTM,14,7,./checkpoints/swinLstm_B.pt,0.027397132082346905,0.16538597657597914,0.12426425865355958,74.59867702646459,0.9722335468581382,"(0.100066, 0.128723, 0.150676, 0.167239, 0.181655, 0.194839, 0.207735)","(0.074118, 0.097214, 0.115401, 0.129016, 0.140718, 0.151451, 0.161931)",0.03216843535031738,0.1766200165810256,0.13640761555268846,65.87134308650576,0.8707440639364308,"(0.104360, 0.131990, 0.156363, 0.176227, 0.194302, 0.211367, 0.227942)","(0.080419, 0.103147, 0.123589, 0.140110, 0.155068, 0.169284, 0.183236)",,,,,,,
swinLstm_B,epoch,9,1,SwinLSTM,14,7,./checkpoints/swinLstm_B.pt,0.02715343611433785,0.16465116894279222,0.12393398915833616,74.51765127384917,0.9724202695045066,"(0.099234, 0.127926, 0.149995, 0.166755, 0.180961, 0.194181, 0.206638)","(0.073705, 0.096757, 0.115052, 0.128860, 0.140486, 0.151289, 0.161388)",0.02449115657986238,0.15534750140946488,0.11640256694678602,73.43340222588901,0.9089921260702198,"(0.094367, 0.120351, 0.141025, 0.157043, 0.170779, 0.183265, 0.195091)","(0.069936, 0.090571, 0.107535, 0.120648, 0.131920, 0.142239, 0.151969)",,,,,,,
swinLstm_B,epoch,10,0,SwinLSTM,14,7,./checkpoints/swinLstm_B.pt,0.027246814696712696,0.16488565178492676,0.12411636165640455,75.12651297386657,0.9723340437767354,"(0.099082, 0.128066, 0.149818, 0.166665, 0.181220, 0.194631, 0.207446)","(0.073408, 0.096785, 0.114971, 0.128883, 0.140751, 0.151698, 0.162317)",0.025761041019497246,0.1599638102383449,0.12051413773462691,68.92619396078176,0.9051131297802103,"(0.096086, 0.123342, 0.144697, 0.161460, 0.175929, 0.189097, 0.201579)","(0.071483, 0.093065, 0.110805, 0.124812, 0.136930, 0.148010, 0.158493)",,,,,,,
swinLstm_B,epoch,11,1,SwinLSTM,14,7,./checkpoints/swinLstm_B.pt,0.026080271803793756,0.1613493728009033,0.1213396216564356,73.78407508768935,0.97356467900124,"(0.096950, 0.126118, 0.147375, 0.163776, 0.177468, 0.189894, 0.201819)","(0.071751, 0.095195, 0.112973, 0.126448, 0.137609, 0.147847, 0.157554)",0.024130600600920874,0.15428331545714674,0.11596926738475931,65.23586437619966,0.9098547059914162,"(0.093905, 0.119904, 0.140276, 0.156094, 0.169595, 0.181832, 0.193420)","(0.069990, 0.090677, 0.107425, 0.120341, 0.131305, 0.141293, 0.150754)",,,,,,,
swinLstm_B,epoch,12,1,SwinLSTM,14,7,./checkpoints/swinLstm_B.pt,0.02654376947023767,0.16275993366769775,0.12242591535632914,73.88550076586135,0.9731111450398222,"(0.096855, 0.126138, 0.148278, 0.164799, 0.179150, 0.192215, 0.204586)","(0.071774, 0.095364, 0.113723, 0.127382, 0.139086, 0.149748, 0.159905)",0.023604802369814496,0.1525338988365798,0.11455257648024066,67.8076242907294,0.9116408496067442,"(0.092496, 0.118533, 0.138875, 0.154483, 0.167781, 0.179759, 0.191065)","(0.068656, 0.089366, 0.106171, 0.118997, 0.129876, 0.139754, 0.149048)",,,,,,,
swinLstm_B,epoch,13,0,SwinLSTM,14,7,./checkpoints/swinLstm_B.pt,0.025651094166839375,0.1600172437420265,0.12024226138724926,73.19920736678104,0.9739564619165786,"(0.095537, 0.124712, 0.146237, 0.162413, 0.176112, 0.188576, 0.200311)","(0.070624, 0.094077, 0.111968, 0.125318, 0.136542, 0.146796, 0.156371)",0.024551578476254284,0.15555378460678562,0.1169333666049201,72.55125391072241,0.9100017979227263,"(0.092625, 0.119682, 0.140681, 0.157098, 0.171274, 0.184179, 0.196445)","(0.069040, 0.090621, 0.107899, 0.121306, 0.132852, 0.143406, 0.153409)",,,,,,,
swinLstm_B,epoch,14,0,SwinLSTM,14,7,./checkpoints/swinLstm_B.pt,0.026260876800230842,0.16188684403212072,0.12170073497010038,73.62790048883316,0.9733127162177512,"(0.095979, 0.125511, 0.147479, 0.164070, 0.178175, 0.191226, 0.203490)","(0.071148, 0.094814, 0.113055, 0.126750, 0.138333, 0.148950, 0.158855)",0.024128398793781626,0.1537818736557303,0.11724083819266023,69.51518907218144,0.9051670514304062,"(0.093298, 0.119748, 0.140319, 0.155931, 0.169193, 0.181080, 0.192233)","(0.070110, 0.091477, 0.108811, 0.121895, 0.132991, 0.142998, 0.152403)",,,,,,,
swinLstm_B,epoch,15,0,SwinLSTM,14,7,./checkpoints/swinLstm_B.pt,0.02579849794942965,0.16049393880648635,0.12066610395274263,73.34407526381473,0.9738039811874958,"(0.095442, 0.124779, 0.146870, 0.163038, 0.176729, 0.189107, 0.200953)","(0.070651, 0.094198, 0.112474, 0.125914, 0.137162, 0.147288, 0.156976)",0.023866560181667065,0.15381448047942128,0.11561407328679643,67.8582805436233,0.9111789218310652,"(0.091998, 0.119023, 0.139748, 0.155766, 0.169359, 0.181598, 0.193105)","(0.068465, 0.089819, 0.106962, 0.120195, 0.131399, 0.141494, 0.150964)",,,,,,,
swinLstm_B,epoch,16,0,SwinLSTM,14,7,./checkpoints/swinLstm_B.pt,0.025264223631312872,0.1588368935414723,0.11935051253184359,72.21966532443432,0.9743030420009126,"(0.094467, 0.123817, 0.145311, 0.161307, 0.174841, 0.187154, 0.198818)","(0.069921, 0.093385, 0.111285, 0.124468, 0.135587, 0.145625, 0.155182)",0.023964360966507732,0.15352209631738992,0.1144764297481241,67.2719610477316,0.9108040456114144,"(0.090954, 0.118057, 0.138929, 0.155151, 0.169089, 0.181783, 0.193841)","(0.067521, 0.088678, 0.105672, 0.118780, 0.130060, 0.140406, 0.150218)",,,,,,,
swinLstm_B,epoch,17,0,SwinLSTM,14,7,./checkpoints/swinLstm_B.pt,0.024800718623272915,0.15734624756758833,0.11817493012293856,72.1560524473799,0.9748487184022335,"(0.093621, 0.122837, 0.144388, 0.160151, 0.173258, 0.185091, 0.196448)","(0.069222, 0.092578, 0.110399, 0.123523, 0.134316, 0.143974, 0.153212)",0.025677203810934364,0.15872119624039221,0.12208786838013551,69.6468875490386,0.8966841594926243,"(0.094307, 0.121615, 0.143299, 0.160129, 0.174797, 0.188182, 0.200936)","(0.071741, 0.093802, 0.112230, 0.126511, 0.138945, 0.150287, 0.161098)",,,,,,,
swinLstm_B,epoch,18,0,SwinLSTM,14,7,./checkpoints/swinLstm_B.pt,0.024994852665336208,0.15797918450438225,0.1186486265443741,72.0801645847077,0.9746533537164648,"(0.093770, 0.123135, 0.144756, 0.160763, 0.174066, 0.185956, 0.197392)","(0.069397, 0.092889, 0.110763, 0.123976, 0.134832, 0.144622, 0.154062)",0.028955290094017982,0.1694965742785355,0.13042025499302765,80.0241487437281,0.8958355023943144,"(0.097067, 0.126813, 0.150415, 0.169784, 0.186863, 0.202724, 0.217942)","(0.073652, 0.097470, 0.117549, 0.134412, 0.149455, 0.163445, 0.176959)",,,,,,,
swinLstm_B,epoch,19,1,SwinLSTM,14,7,./checkpoints/swinLstm_B.pt,0.024783593959155234,0.15729507499938397,0.11829391779734734,72.45838936339034,0.974844346655176,"(0.093905, 0.122988, 0.144343, 0.160072, 0.173296, 0.184969, 0.196115)","(0.069640, 0.092792, 0.110507, 0.123552, 0.134471, 0.144031, 0.153064)",0.02342682665792005,0.15242673096985654,0.1142720330891938,68.45339123956089,0.9107031945524544,"(0.091771, 0.118646, 0.139284, 0.154775, 0.167821, 0.179410, 0.190222)","(0.067768, 0.089020, 0.106168, 0.119048, 0.129898, 0.139536, 0.148465)",,,,,,,
swinLstm_B,epoch,20,0,SwinLSTM,14,7,./checkpoints/swinLstm_B.pt,0.02504977628469784,0.15814364907450484,0.11891347165913024,72.35606834736276,0.9745654162574322,"(0.093706, 0.123118, 0.144683, 0.160601, 0.174222, 0.186435, 0.197999)","(0.069420, 0.092878, 0.110878, 0.124047, 0.135232, 0.145283, 0.154656)",0.024300609843741203,0.15382564735823664,0.11572353516159387,61.970556851091054,0.9083297417081636,"(0.091098, 0.118053, 0.138907, 0.155246, 0.169339, 0.182366, 0.194858)","(0.068248, 0.089547, 0.106630, 0.119938, 0.131353, 0.142009, 0.152341)",,,,,,,
swinLstm_B,epoch,21,0,SwinLSTM,14,7,./checkpoints/swinLstm_B.pt,0.024711738518894986,0.1570581294422017,0.11804107101039683,71.85590328054225,0.9748992751887504,"(0.093327, 0.122712, 0.144248, 0.159937, 0.173032, 0.184732, 0.195844)","(0.069082, 0.092490, 0.110390, 0.123438, 0.134190, 0.143805, 0.152893)",0.025006101434600764,0.15723061535892816,0.1177337593559561,71.24433619400551,0.9048057424611059,"(0.092213, 0.119701, 0.141353, 0.158307, 0.173147, 0.186851, 0.200010)","(0.068811, 0.090128, 0.107886, 0.121785, 0.134003, 0.145327, 0.156196)",,,,,,,
swinLstm_B,epoch,22,0,SwinLSTM,14,7,./checkpoints/swinLstm_B.pt,0.02406359872126833,0.15502806488797954,0.11648152899393376,71.11227392643056,0.9755955211659695,"(0.092592, 0.121737, 0.142749, 0.157980, 0.170554, 0.182126, 0.192801)","(0.068463, 0.091668, 0.109198, 0.121816, 0.132171, 0.141664, 0.150391)",0.024678066918819117,0.15608248808260622,0.11636240626203603,60.24320724092681,0.9109815482435555,"(0.090529, 0.118996, 0.140663, 0.157595, 0.172209, 0.185538, 0.198206)","(0.066868, 0.089253, 0.106991, 0.120904, 0.132840, 0.143698, 0.153982)",,,,,,,
swinLstm_B,epoch,23,1,SwinLSTM,14,7,./checkpoints/swinLstm_B.pt,0.024363240395533912,0.15596466916242524,0.11710503384312416,71.41693579896967,0.9752931728007945,"(0.092646, 0.122164, 0.143469, 0.158919, 0.171847, 0.183332, 0.194150)","(0.068532, 0.092001, 0.109713, 0.122506, 0.133098, 0.142503, 0.151381)",0.023756836412538743,0.1518613950445734,0.11592335279645591,60.4326161022844,0.9040780355190409,"(0.091722, 0.118521, 0.138972, 0.154290, 0.167182, 0.178651, 0.189359)","(0.069390, 0.090903, 0.108022, 0.120740, 0.131429, 0.140981, 0.149999)",,,,,,,
swinLstm_B,epoch,24,1,SwinLSTM,14,7,./checkpoints/swinLstm_B.pt,0.024112924378603063,0.15515618497308248,0.1165258156809401,71.1909322535738,0.9754897952079773,"(0.092372, 0.121654, 0.142824, 0.158171, 0.170831, 0.182351, 0.192975)","(0.068330, 0.091591, 0.109222, 0.121964, 0.132416, 0.141745, 0.150413)",0.02253415830561827,0.1493014814010982,0.11239658013500016,70.06427324229273,0.9151158435591336,"(0.089259, 0.116072, 0.136372, 0.151631, 0.164505, 0.175872, 0.186471)","(0.066090, 0.087321, 0.104289, 0.117073, 0.127946, 0.137551, 0.146507)",,,,,,,
swinLstm_B,epoch,25,0,SwinLSTM,14,7,./checkpoints/swinLstm_B.pt,0.023918153985621447,0.15452936937554015,0.1159983026458228,70.6894768654032,0.9757118466052603,"(0.092135, 0.121238, 0.142378, 0.157494, 0.170164, 0.181515, 0.192066)","(0.068026, 0.091233, 0.108819, 0.121354, 0.131781, 0.141086, 0.149690)",0.02294626189716931,0.14942002373522725,0.1118850201882165,67.43153394501785,0.9133527710519987,"(0.089074, 0.115846, 0.136057, 0.151420, 0.164472, 0.176356, 0.187662)","(0.066026, 0.087350, 0.103941, 0.116394, 0.126928, 0.136620, 0.145937)",,,,,,,
swinLstm_B,epoch,26,1,SwinLSTM,14,7,./checkpoints/swinLstm_B.pt,0.024234791236751256,0.15554512592913847,0.11692488245031935,71.38438032028523,0.9753443525826677,"(0.092804, 0.121862, 0.143086, 0.158467, 0.171294, 0.182877, 0.193478)","(0.068795, 0.091800, 0.109496, 0.122258, 0.132825, 0.142283, 0.151017)",0.02171695832933845,0.14618410015928335,0.10957675863956583,65.09514341683223,0.9172019855729465,"(0.088852, 0.114938, 0.134630, 0.149033, 0.160973, 0.171352, 0.180905)","(0.065590, 0.086261, 0.102583, 0.114501, 0.124368, 0.132930, 0.140804)",,,,,,,
swinLstm_B,epoch,27,0,SwinLSTM,14,7,./checkpoints/swinLstm_B.pt,0.023761614255527867,0.15403157233457684,0.11576404216441702,70.71546524129015,0.9758935326591451,"(0.092320, 0.121079, 0.142065, 0.157228, 0.169591, 0.180631, 0.191100)","(0.068350, 0.091148, 0.108637, 0.121166, 0.131460, 0.140518, 0.149068)",0.022276853981973797,0.14826247686969823,0.11093288582974467,66.07390864142056,0.9166239561705753,"(0.090111, 0.116346, 0.136415, 0.151044, 0.163260, 0.173870, 0.183682)","(0.066450, 0.087063, 0.103689, 0.115832, 0.125965, 0.134718, 0.142814)",,,,,,,
swinLstm_B,epoch,28,0,SwinLSTM,14,7,./checkpoints/swinLstm_B.pt,0.023475690982601743,0.15310188310664763,0.11483522381712781,70.0514200291735,0.9761964586821008,"(0.091641, 0.120628, 0.141620, 0.156517, 0.168597, 0.179435, 0.189370)","(0.067590, 0.090671, 0.108060, 0.120369, 0.130408, 0.139296, 0.147452)",0.02231452296134727,0.1485592170522131,0.1108010311065049,66.96855275384311,0.9140918131532341,"(0.088339, 0.115267, 0.135518, 0.150800, 0.163669, 0.175102, 0.185812)","(0.064895, 0.085930, 0.102619, 0.115329, 0.126155, 0.135798, 0.144881)",,,,,,,
swinLstm_B,epoch,29,0,SwinLSTM,14,7,./checkpoints/swinLstm_B.pt,0.022954946621618372,0.15140057229858975,0.11357792447063517,69.37378341593642,0.9767455433277373,"(0.091091, 0.119831, 0.140445, 0.154985, 0.166864, 0.176966, 0.186572)","(0.067209, 0.089983, 0.107180, 0.119208, 0.128941, 0.137325, 0.145198)",0.02525202005073942,0.15727669437383784,0.11773941717271147,66.94253369035393,0.9114793724027174,"(0.091452, 0.119682, 0.141612, 0.158549, 0.173422, 0.187013, 0.200070)","(0.067796, 0.090006, 0.108100, 0.122131, 0.134407, 0.145561, 0.156176)",,,,,,,
swinLstm_B,epoch,30,0,SwinLSTM,14,7,./checkpoints/swinLstm_B.pt,0.023592257079608898,0.15346815269447237,0.11530261062719721,70.62249609764586,0.9760097981767452,"(0.091915, 0.120826, 0.141771, 0.156742, 0.169009, 0.179909, 0.190047)","(0.068009, 0.090951, 0.108395, 0.120810, 0.130899, 0.139854, 0.148200)",0.02268880695618432,0.1497983804036831,0.11271482860219889,66.80277488971579,0.9152201742961489,"(0.090211, 0.116666, 0.136812, 0.151996, 0.164832, 0.176289, 0.187071)","(0.067225, 0.087804, 0.104489, 0.117159, 0.127976, 0.137614, 0.146737)",,,,,,,
swinLstm_B,epoch,31,0,SwinLSTM,14,7,./checkpoints/swinLstm_B.pt,0.023249061827726188,0.152358482013738,0.11437151894131874,69.9141814455073,0.9764628286691422,"(0.091321, 0.120137, 0.141136, 0.155737, 0.167835, 0.178491, 0.188225)","(0.067486, 0.090339, 0.107771, 0.119928, 0.129866, 0.138611, 0.146599)",0.022354817082142008,0.1476549552432422,0.1115194271350729,67.4069788702603,0.9136427846448175,"(0.090131, 0.115882, 0.135708, 0.150283, 0.162443, 0.173195, 0.183216)","(0.067335, 0.087839, 0.104309, 0.116311, 0.126280, 0.135126, 0.143436)",,,,,,,
swinLstm_B,epoch,32,0,SwinLSTM,14,7,./checkpoints/swinLstm_B.pt,0.02299295369773469,0.1515262646169642,0.11374513733577221,69.34768581390381,0.9766570342347977,"(0.091170, 0.119854, 0.140550, 0.155086, 0.166968, 0.177220, 0.186749)","(0.067414, 0.090105, 0.107356, 0.119334, 0.129118, 0.137503, 0.145385)",0.022612951374773323,0.1496171154852571,0.11217638901595411,72.42622796420393,0.913909244126287,"(0.089254, 0.116115, 0.136603, 0.151956, 0.164884, 0.176291, 0.186889)","(0.065771, 0.086933, 0.103941, 0.116809, 0.127765, 0.137479, 0.146537)",,,,,,,
swinLstm_B,epoch,33,1,SwinLSTM,14,7,./checkpoints/swinLstm_B.pt,0.022536999803591282,0.15001083277706867,0.11258402026872685,68.87678641461312,0.9771362238741935,"(0.091087, 0.119448, 0.139634, 0.153911, 0.165152, 0.174897, 0.183915)","(0.067191, 0.089667, 0.106568, 0.118332, 0.127602, 0.135678, 0.143051)",0.02151489951487245,0.1455857327272152,0.10859655486098652,63.44191288125926,0.9178887811200372,"(0.089321, 0.115388, 0.134913, 0.148884, 0.160288, 0.169978, 0.178754)","(0.065554, 0.086099, 0.102197, 0.113758, 0.123184, 0.131113, 0.138272)",,,,,,,
swinLstm_B,epoch,34,0,SwinLSTM,14,7,./checkpoints/swinLstm_B.pt,0.022971253346731054,0.1514633224609019,0.11375661947308703,69.83400119619166,0.9766926172565906,"(0.091894, 0.120044, 0.140654, 0.155065, 0.166665, 0.176962, 0.186328)","(0.067965, 0.090311, 0.107429, 0.119339, 0.128928, 0.137292, 0.145033)",0.021947245916415906,0.14634555706690097,0.11056892856441695,60.463036175431874,0.9142354624024753,"(0.089050, 0.115222, 0.134839, 0.149175, 0.161080, 0.171494, 0.181154)","(0.066381, 0.087257, 0.103561, 0.115438, 0.125316, 0.133956, 0.142075)",,,,,,,
swinLstm_B,epoch,35,0,SwinLSTM,14,7,./checkpoints/swinLstm_B.pt,0.02276187993467171,0.15075759324252916,0.11326822456210217,69.1015504877618,0.9768479469608753,"(0.091424, 0.119641, 0.140060, 0.154392, 0.166027, 0.176035, 0.185292)","(0.067638, 0.090001, 0.106986, 0.118864, 0.128458, 0.136652, 0.144278)",0.021512855101248313,0.14573521423956443,0.10911303193404756,68.26672087044551,0.918594060273006,"(0.089567, 0.114744, 0.134263, 0.148483, 0.160270, 0.170532, 0.180004)","(0.065999, 0.085752, 0.101904, 0.113769, 0.123693, 0.132329, 0.140345)",,,,,,,
swinLstm_B,epoch,36,0,SwinLSTM,14,7,./checkpoints/swinLstm_B.pt,0.022999038642391244,0.15150562845590465,0.1138781431190511,69.56495993188086,0.9766471515944664,"(0.092041, 0.120020, 0.140558, 0.154970, 0.166747, 0.177038, 0.186530)","(0.068162, 0.090323, 0.107437, 0.119343, 0.129045, 0.137546, 0.145292)",0.023965337923888504,0.15280893342248325,0.1176206808665703,60.43002401549241,0.9020189046859741,"(0.093568, 0.119856, 0.140311, 0.155422, 0.168156, 0.179294, 0.189609)","(0.071325, 0.092343, 0.109621, 0.122450, 0.133303, 0.142755, 0.151548)",,,,,,,
swinLstm_B,epoch,37,1,SwinLSTM,14,7,./checkpoints/swinLstm_B.pt,0.02258004187705352,0.15014326852791837,0.11270982605662752,68.77433194505407,0.9771386692498593,"(0.091547, 0.119534, 0.139814, 0.153851, 0.165200, 0.175104, 0.184068)","(0.067674, 0.089808, 0.106705, 0.118303, 0.127656, 0.135768, 0.143054)",0.021442550041809165,0.14524333872671785,0.1084473032889695,58.897774400382204,0.9195159221517628,"(0.090116, 0.115095, 0.134656, 0.148411, 0.159823, 0.169445, 0.178190)","(0.066420, 0.086030, 0.102082, 0.113383, 0.122779, 0.130642, 0.137794)",,,,,,,
swinLstm_B,epoch,38,0,SwinLSTM,14,7,./checkpoints/swinLstm_B.pt,0.02237437762557826,0.1494528100989829,0.11213912022240619,68.5193978776323,0.9773119732420495,"(0.090910, 0.119115, 0.139306, 0.153291, 0.164609, 0.174227, 0.182905)","(0.067206, 0.089521, 0.106263, 0.117802, 0.127106, 0.135002, 0.142072)",0.022286815633033884,0.14812114552177233,0.11117568663482008,58.5416380454754,0.9180578342799482,"(0.090027, 0.116386, 0.136281, 0.150866, 0.163043, 0.173691, 0.183580)","(0.066598, 0.087350, 0.103798, 0.115967, 0.126171, 0.135052, 0.143294)",,,,,,,
swinLstm_B,epoch,39,0,SwinLSTM,14,7,./checkpoints/swinLstm_B.pt,0.0222517548208224,0.14908005471914618,0.11192595930968194,68.1947960752122,0.977414033831434,"(0.091235, 0.119049, 0.139194, 0.153146, 0.164004, 0.173489, 0.182137)","(0.067471, 0.089472, 0.106203, 0.117708, 0.126699, 0.134424, 0.141504)",0.022124252699572463,0.14759816023810157,0.11248391712534017,71.23771986468086,0.9144869508414433,"(0.091193, 0.116768, 0.136354, 0.150565, 0.162308, 0.172462, 0.181751)","(0.068537, 0.088814, 0.105279, 0.117332, 0.127385, 0.136043, 0.143997)",,,,,,,
swinLstm_B,epoch,40,0,SwinLSTM,14,7,./checkpoints/swinLstm_B.pt,0.022219183349466706,0.14894437689260343,0.11187767859627591,68.19990218953883,0.9774081798944068,"(0.091241, 0.119229, 0.139196, 0.153031, 0.163896, 0.173254, 0.181663)","(0.067563, 0.089592, 0.106198, 0.117647, 0.126622, 0.134322, 0.141199)",0.02158465782373116,0.14605219251122967,0.1096545242030045,65.24005718888908,0.9179684663641041,"(0.090203, 0.115180, 0.134876, 0.148951, 0.160668, 0.170695, 0.179888)","(0.066831, 0.086315, 0.102656, 0.114365, 0.124231, 0.132697, 0.140486)",,,,,,,
swinLstm_B,epoch,41,1,SwinLSTM,14,7,./checkpoints/swinLstm_B.pt,0.021965527857475457,0.14809624867989865,0.11123015759314628,68.28061757189163,0.9776993346341113,"(0.091239, 0.118752, 0.138616, 0.152223, 0.162875, 0.172005, 0.180352)","(0.067451, 0.089210, 0.105721, 0.116973, 0.125814, 0.133302, 0.140141)",0.02142937985602124,0.14460825149355264,0.10919919635715156,62.988706687401084,0.9149297003088326,"(0.088763, 0.114628, 0.133888, 0.147848, 0.159193, 0.168941, 0.177718)","(0.066069, 0.086743, 0.102713, 0.114275, 0.123684, 0.131785, 0.139126)",,,,,,,
swinLstm_B,epoch,42,1,SwinLSTM,14,7,./checkpoints/swinLstm_B.pt,0.022468101352136186,0.14977267978953104,0.1126436136187391,68.50247224848322,0.9771829028712943,"(0.092152, 0.119519, 0.139852, 0.153570, 0.164825, 0.174250, 0.183024)","(0.068426, 0.089937, 0.106790, 0.118198, 0.127484, 0.135249, 0.142421)",0.02116299420595169,0.1441120651775393,0.10871018495025306,62.55791331981791,0.9192381275111231,"(0.089855, 0.114606, 0.133891, 0.147459, 0.158552, 0.167892, 0.176272)","(0.067027, 0.086454, 0.102470, 0.113698, 0.122960, 0.130699, 0.137664)",,,,,,,
swinLstm_B,epoch,43,0,SwinLSTM,14,7,./checkpoints/swinLstm_B.pt,0.022515247595754077,0.14992904496304568,0.11277930763490657,68.93550980344732,0.9771267115435702,"(0.092272, 0.119454, 0.139839, 0.153809, 0.164964, 0.174604, 0.183182)","(0.068591, 0.089952, 0.106839, 0.118389, 0.127606, 0.135503, 0.142577)",0.021320966104495114,0.145033265753039,0.10798601009722414,69.57005839512266,0.9156385927364744,"(0.089329, 0.114503, 0.134046, 0.148035, 0.159552, 0.169457, 0.178458)","(0.065652, 0.085265, 0.101292, 0.112808, 0.122327, 0.130531, 0.138027)",,,,,,,
swinLstm_B,epoch,44,0,SwinLSTM,14,7,./checkpoints/swinLstm_B.pt,0.022245635486584394,0.14903865207640962,0.11204668816099776,67.99030032056443,0.9774537955192809,"(0.091810, 0.119253, 0.139377, 0.153018, 0.163953, 0.173315, 0.181665)","(0.068150, 0.089725, 0.106426, 0.117698, 0.126687, 0.134375, 0.141266)",0.022496301006397296,0.1485041796133436,0.1113840927337778,69.0399779615731,0.9173463788525812,"(0.091170, 0.116307, 0.136408, 0.151104, 0.163371, 0.174237, 0.184251)","(0.068323, 0.087903, 0.104245, 0.115997, 0.125823, 0.134634, 0.142764)",,,,,,,
swinLstm_B,epoch,45,0,SwinLSTM,14,7,./checkpoints/swinLstm_B.pt,0.022013602352285003,0.14824571974100384,0.1113358838681845,67.84535702238692,0.9776801543032869,"(0.091441, 0.118827, 0.138882, 0.152400, 0.163124, 0.172106, 0.180334)","(0.067694, 0.089300, 0.105933, 0.117119, 0.125988, 0.133310, 0.140007)",0.022113480155581032,0.14684300021878605,0.11193740265122776,58.31377542429957,0.9109286131529972,"(0.090232, 0.116305, 0.135903, 0.150061, 0.161670, 0.171589, 0.180536)","(0.067769, 0.088698, 0.105102, 0.117019, 0.126851, 0.135246, 0.142877)",,,,,,,
swinLstm_B,epoch,46,1,SwinLSTM,14,7,./checkpoints/swinLstm_B.pt,0.02161508058495027,0.14690255479329906,0.1103405441216966,67.46422382111245,0.9780477079305243,"(0.090749, 0.118138, 0.137973, 0.151228, 0.161636, 0.170422, 0.178087)","(0.067231, 0.088757, 0.105199, 0.116180, 0.124784, 0.131942, 0.138292)",0.021001967697821814,0.14350888826723757,0.10848390670685933,59.746624387543775,0.9177122424388754,"(0.089213, 0.114384, 0.133516, 0.147019, 0.157923, 0.167119, 0.175282)","(0.066769, 0.086660, 0.102509, 0.113602, 0.122606, 0.130220, 0.137021)",,,,,,,
swinLstm_B,epoch,47,0,SwinLSTM,14,7,./checkpoints/swinLstm_B.pt,0.021428794431638844,0.14627670356069866,0.10978755216173669,66.98751731629068,0.9782985946599473,"(0.090154, 0.117949, 0.137504, 0.150774, 0.161014, 0.169558, 0.177057)","(0.066697, 0.088488, 0.104765, 0.115768, 0.124219, 0.131227, 0.137350)",0.022357884569671648,0.14744789435945707,0.11186454213898757,63.05234205311742,0.9101398587226868,"(0.090700, 0.116467, 0.136387, 0.150621, 0.162375, 0.172399, 0.181375)","(0.068259, 0.088657, 0.105165, 0.116890, 0.126620, 0.134962, 0.142499)",,,,,,,
swinLstm_B,epoch,48,0,SwinLSTM,14,7,./checkpoints/swinLstm_B.pt,0.02185699721164209,0.1477224160957582,0.11100758025620847,67.50708801188368,0.9777876468414956,"(0.091150, 0.118763, 0.138657, 0.151979, 0.162505, 0.171383, 0.179307)","(0.067597, 0.089311, 0.105757, 0.116797, 0.125496, 0.132787, 0.139308)",0.02159993861127516,0.1454532077086383,0.1104278916428829,63.713543497282885,0.9145436595226156,"(0.094997, 0.116079, 0.135853, 0.148878, 0.159512, 0.168413, 0.176221)","(0.072406, 0.088278, 0.104619, 0.115190, 0.123877, 0.131117, 0.137508)",,,,,,,
swinLstm_B,epoch,49,1,SwinLSTM,14,7,./checkpoints/swinLstm_B.pt,0.02155522361120328,0.14669690082620274,0.11024419277747895,67.62404476328099,0.978129801598001,"(0.090735, 0.118053, 0.137830, 0.151031, 0.161269, 0.170151, 0.177831)","(0.067312, 0.088711, 0.105142, 0.116094, 0.124536, 0.131771, 0.138144)",0.020142116615998334,0.14060878702278795,0.10519474462188523,61.13858176921976,0.9239337464858746,"(0.089550, 0.112924, 0.131799, 0.144297, 0.154509, 0.162792, 0.170172)","(0.066295, 0.084498, 0.100003, 0.110199, 0.118580, 0.125375, 0.131415)",,,,,,,
swinLstm_B,epoch,50,0,SwinLSTM,14,7,./checkpoints/swinLstm_B.pt,0.021661995929923464,0.14707651773811986,0.11047201377755785,67.26747713697718,0.9780275384162335,"(0.090994, 0.118198, 0.138000, 0.151173, 0.161740, 0.170663, 0.178671)","(0.067516, 0.088831, 0.105233, 0.116120, 0.124847, 0.132125, 0.138632)",0.022072584721548803,0.1470409510978337,0.11162667849968219,56.652146405187146,0.9152729017981167,"(0.090143, 0.116161, 0.135874, 0.150105, 0.161869, 0.172016, 0.181268)","(0.067737, 0.088262, 0.104690, 0.116579, 0.126484, 0.134963, 0.142672)",,,,,,,
swinLstm_B,epoch,51,0,SwinLSTM,14,7,./checkpoints/swinLstm_B.pt,0.021328352371904443,0.14594846028079944,0.10957433778713359,66.87091017783956,0.9783902402887953,"(0.090244, 0.117811, 0.137395, 0.150451, 0.160539, 0.169026, 0.176521)","(0.066890, 0.088476, 0.104714, 0.115465, 0.123816, 0.130752, 0.136908)",0.021101579423351533,0.14410895211943264,0.10870878449801741,69.95500630345838,0.9216959846430811,"(0.089676, 0.114456, 0.134106, 0.147460, 0.158628, 0.167887, 0.176222)","(0.066555, 0.085996, 0.102407, 0.113640, 0.123162, 0.131057, 0.138145)",,,,,,,
swinLstm_B,epoch,52,0,SwinLSTM,14,7,./checkpoints/swinLstm_B.pt,0.02099187232236913,0.14479454224158134,0.10859598801966677,66.46987330659907,0.9787042733836682,"(0.089638, 0.117160, 0.136603, 0.149458, 0.159369, 0.167535, 0.174511)","(0.066285, 0.087878, 0.104013, 0.114620, 0.122733, 0.129456, 0.135188)",0.020409635557182903,0.14122590140022082,0.10539237949354895,62.585032101335194,0.9233933317250219,"(0.086975, 0.112705, 0.131476, 0.144713, 0.155422, 0.164495, 0.172662)","(0.064090, 0.084143, 0.099544, 0.110414, 0.119273, 0.126765, 0.133517)",,,,,,,
swinLstm_B,epoch,53,0,SwinLSTM,14,7,./checkpoints/swinLstm_B.pt,0.021113646177059794,0.14520356787199357,0.10896385631504212,66.6564425407572,0.9785768281906209,"(0.089600, 0.117388, 0.136944, 0.149735, 0.159745, 0.168079, 0.175381)","(0.066358, 0.088071, 0.104271, 0.114877, 0.123166, 0.130007, 0.135997)",0.0209407035004476,0.14316316437104654,0.10820573285735886,59.08912372589111,0.9196708654535228,"(0.087721, 0.113996, 0.133066, 0.146636, 0.157641, 0.166968, 0.175380)","(0.065221, 0.086021, 0.101889, 0.113300, 0.122654, 0.130583, 0.137772)",,,,,,,
swinLstm_B,epoch,54,0,SwinLSTM,14,7,./checkpoints/swinLstm_B.pt,0.021108186278650735,0.14516295070714033,0.10891400095313153,66.78877668177827,0.9785544038453,"(0.089504, 0.117434, 0.136937, 0.149800, 0.159725, 0.167981, 0.175229)","(0.066182, 0.088107, 0.104263, 0.114937, 0.123136, 0.129924, 0.135849)",0.020601816218474817,0.1420130768212779,0.10635027443540507,61.16105168441246,0.9235631967413014,"(0.087498, 0.113491, 0.132439, 0.145620, 0.156304, 0.165274, 0.173365)","(0.064515, 0.084865, 0.100451, 0.111424, 0.120416, 0.127976, 0.134805)",,,,,,,
swinLstm_B,epoch,55,0,SwinLSTM,14,7,./checkpoints/swinLstm_B.pt,0.021195693734161396,0.14547254447384123,0.1091618519672688,66.54882146957073,0.978483128737896,"(0.089552, 0.117302, 0.136945, 0.150047, 0.160199, 0.168498, 0.175945)","(0.066382, 0.088117, 0.104339, 0.115076, 0.123479, 0.130316, 0.136424)",0.02087258348434136,0.1427908760720286,0.10834784189174915,61.516972443153115,0.9158186254830196,"(0.088403, 0.114320, 0.133269, 0.146573, 0.157178, 0.166024, 0.173820)","(0.066323, 0.086849, 0.102586, 0.113669, 0.122560, 0.129949, 0.136499)",,,,,,,
swinLstm_B,epoch,56,1,SwinLSTM,14,7,./checkpoints/swinLstm_B.pt,0.020988840272927536,0.14477309405398317,0.10859627082468347,66.46996680726396,0.9786930436149557,"(0.089161, 0.117039, 0.136525, 0.149405, 0.159383, 0.167604, 0.174749)","(0.065947, 0.087837, 0.103957, 0.114589, 0.122820, 0.129554, 0.135471)",0.0200567660082517,0.14011628411967178,0.1058664982175005,59.50798402983567,0.9215893067162613,"(0.086982, 0.112656, 0.131204, 0.144045, 0.154230, 0.162611, 0.169970)","(0.064565, 0.084900, 0.100376, 0.111175, 0.119834, 0.126963, 0.133252)",,,,,,,
swinLstm_B,epoch,57,1,SwinLSTM,14,7,./checkpoints/swinLstm_B.pt,0.02128602000587481,0.14579200273507,0.10952331066290115,67.02813830274216,0.9783935572238679,"(0.089874, 0.117586, 0.137215, 0.150297, 0.160470, 0.168910, 0.176364)","(0.066662, 0.088321, 0.104609, 0.115467, 0.123859, 0.130818, 0.136927)",0.01953808240720938,0.1385318210412716,0.10329645538124545,65.57780680163154,0.9254274491606087,"(0.086103, 0.111697, 0.129948, 0.142571, 0.152477, 0.160577, 0.167599)","(0.063572, 0.083461, 0.098347, 0.108600, 0.116686, 0.123316, 0.129092)",,,,,,,
swinLstm_B,epoch,58,0,SwinLSTM,14,7,./checkpoints/swinLstm_B.pt,0.02080312420792402,0.14415163029588815,0.10803986233758166,65.9493878750091,0.978883386926448,"(0.088787, 0.116733, 0.135968, 0.148717, 0.158609, 0.166902, 0.173957)","(0.065552, 0.087542, 0.103477, 0.113990, 0.122150, 0.128881, 0.134688)",0.023305201967214716,0.150286968668987,0.11625476721031912,66.58073336502602,0.9018881177080089,"(0.091636, 0.118343, 0.139111, 0.153590, 0.165758, 0.175919, 0.185041)","(0.069726, 0.091352, 0.109055, 0.121557, 0.132154, 0.140980, 0.148959)",,,,,,,
swinLstm_B,epoch,59,0,SwinLSTM,14,7,./checkpoints/swinLstm_B.pt,0.021063482666269263,0.14500499229854377,0.10881179646450154,66.45545283784257,0.9786425679922104,"(0.089498, 0.117126, 0.136602, 0.149433, 0.159585, 0.167946, 0.175276)","(0.066295, 0.087919, 0.104089, 0.114724, 0.123011, 0.129844, 0.135800)",0.019689739553322053,0.13904636533095918,0.10352215838843379,60.389818915005385,0.9244247037788917,"(0.086227, 0.111646, 0.130156, 0.142895, 0.153020, 0.161393, 0.168809)","(0.063541, 0.083127, 0.098213, 0.108672, 0.117021, 0.123952, 0.130131)",,,,,,,
swinLstm_B,epoch,60,0,SwinLSTM,14,7,./checkpoints/swinLstm_B.pt,0.02069598184700342,0.1437609906901366,0.10779972687522148,65.88429552443485,0.9789577982527145,"(0.088599, 0.116561, 0.135953, 0.148677, 0.158308, 0.166158, 0.172917)","(0.065438, 0.087365, 0.103441, 0.113984, 0.121973, 0.128425, 0.133972)",0.019919048320373584,0.13970581390734377,0.10548348467925499,62.33173952431515,0.9221598177120603,"(0.086703, 0.112691, 0.131022, 0.143829, 0.153798, 0.161978, 0.169030)","(0.064391, 0.085046, 0.100268, 0.110960, 0.119335, 0.126222, 0.132163)",,,,,,,
swinLstm_B,epoch,61,0,SwinLSTM,14,7,./checkpoints/swinLstm_B.pt,0.020540199985608777,0.14321380859016838,0.10731655723871068,65.68569901648988,0.9791599252122514,"(0.088121, 0.116233, 0.135354, 0.147966, 0.157748, 0.165537, 0.172387)","(0.065064, 0.087106, 0.102966, 0.113394, 0.121431, 0.127847, 0.133408)",0.019826771627212393,0.13926990124686012,0.10455957671691632,62.170740883925866,0.9230935100851387,"(0.086671, 0.111972, 0.130556, 0.143108, 0.153265, 0.161502, 0.168849)","(0.064475, 0.084152, 0.099499, 0.109751, 0.118147, 0.124921, 0.130973)",,,,,,,
swinLstm_B,epoch,62,0,SwinLSTM,14,7,./checkpoints/swinLstm_B.pt,0.02066142362681158,0.14364896348368392,0.10767271175504999,65.78439276269141,0.979045884406313,"(0.088327, 0.116490, 0.135759, 0.148398, 0.158177, 0.166128, 0.172990)","(0.065272, 0.087318, 0.103304, 0.113759, 0.121836, 0.128311, 0.133909)",0.020063451973014866,0.14018254572975225,0.10492093861103058,64.52774712135052,0.9242438797293038,"(0.087584, 0.112748, 0.131138, 0.144006, 0.154125, 0.162631, 0.170126)","(0.064798, 0.084455, 0.099457, 0.110028, 0.118427, 0.125506, 0.131776)",,,,,,,
swinLstm_B,epoch,63,0,SwinLSTM,14,7,./checkpoints/swinLstm_B.pt,0.020739325837410512,0.14391371898526809,0.10788121256739536,65.86553344320744,0.9789675829258371,"(0.088536, 0.116654, 0.136077, 0.148756, 0.158461, 0.166367, 0.173287)","(0.065432, 0.087493, 0.103583, 0.114076, 0.122021, 0.128452, 0.134112)",0.02056480134869444,0.14155128932204739,0.10610476829882326,59.938712416024046,0.9229316485339197,"(0.087074, 0.112920, 0.131856, 0.145052, 0.155770, 0.164879, 0.173097)","(0.064380, 0.084631, 0.100169, 0.111104, 0.120088, 0.127734, 0.134628)",,,,,,,
swinLstm_B,epoch,64,0,SwinLSTM,14,7,./checkpoints/swinLstm_B.pt,0.02081767027761708,0.14415463741103532,0.10810535737967238,66.1641189291122,0.9788449308339585,"(0.088817, 0.116711, 0.136196, 0.148901, 0.158725, 0.166689, 0.173740)","(0.065723, 0.087501, 0.103660, 0.114158, 0.122279, 0.128815, 0.134602)",0.020284043785569996,0.14094960252786504,0.1067321642205633,63.742125774252,0.9211839416931416,"(0.087156, 0.112941, 0.131849, 0.144865, 0.155230, 0.163779, 0.171271)","(0.064918, 0.085395, 0.101223, 0.112138, 0.120899, 0.128131, 0.134422)",,,,,,,
swinLstm_B,epoch,65,0,SwinLSTM,14,7,./checkpoints/swinLstm_B.pt,0.020881830952427488,0.14436391321883274,0.10831978235473023,66.16846616217431,0.9788336145116928,"(0.089059, 0.116779, 0.136228, 0.148991, 0.158907, 0.167084, 0.174093)","(0.065940, 0.087634, 0.103750, 0.114309, 0.122534, 0.129167, 0.134904)",0.02105446615866546,0.14363910334891286,0.10880835251561527,62.55838259335222,0.9190755753681578,"(0.089329, 0.114282, 0.133787, 0.147027, 0.158000, 0.167229, 0.175591)","(0.066628, 0.086296, 0.102632, 0.113799, 0.123166, 0.131010, 0.138128)",,,,,,,
swinLstm_B,epoch,66,1,SwinLSTM,14,7,./checkpoints/swinLstm_B.pt,0.020533525206624194,0.14319813810280985,0.10739660603885955,65.85644036150993,0.9791637037662749,"(0.088441, 0.116367, 0.135503, 0.148053, 0.157630, 0.165445, 0.172054)","(0.065378, 0.087259, 0.103171, 0.113556, 0.121428, 0.127766, 0.133219)",0.019435294486325364,0.13807770841080566,0.10285532962659309,63.63661683838943,0.9258798895211056,"(0.085750, 0.111332, 0.129759, 0.142204, 0.151984, 0.159939, 0.166868)","(0.062961, 0.082817, 0.097941, 0.108192, 0.116329, 0.122962, 0.128785)",,,,,,,
swinLstm_B,epoch,67,0,SwinLSTM,14,7,./checkpoints/swinLstm_B.pt,0.020237059590030224,0.14217907668981378,0.10655000710741003,65.45213520780523,0.97947244568074,"(0.087701, 0.115790, 0.134858, 0.147199, 0.156603, 0.163947, 0.170524)","(0.064745, 0.086754, 0.102566, 0.112764, 0.120517, 0.126575, 0.131929)",0.02141734241540062,0.14438351346500988,0.11026337151897364,60.00194710698621,0.9137894531776165,"(0.088619, 0.115142, 0.134553, 0.148095, 0.159029, 0.168207, 0.176393)","(0.066813, 0.087777, 0.104077, 0.115559, 0.124932, 0.132807, 0.139878)",,,,,,,
swinLstm_B,epoch,68,0,SwinLSTM,14,7,./checkpoints/swinLstm_B.pt,0.02085135938560075,0.1442614767054027,0.10829047660561318,66.38260474103562,0.9788932128155485,"(0.089236, 0.116645, 0.136055, 0.148686, 0.158691, 0.167025, 0.174180)","(0.066124, 0.087598, 0.103699, 0.114123, 0.122364, 0.129115, 0.135012)",0.02155914783863158,0.14529125443820295,0.11081674849164896,60.11013330262283,0.910866052939974,"(0.088264, 0.114749, 0.133985, 0.148351, 0.159878, 0.170139, 0.179450)","(0.066423, 0.087567, 0.103563, 0.115715, 0.125552, 0.134392, 0.142506)",,,,,,,
swinLstm_B,epoch,69,0,SwinLSTM,14,7,./checkpoints/swinLstm_B.pt,0.020523020561705244,0.14315503624950088,0.10736979801762611,65.51423206735164,0.9791522844040648,"(0.088768, 0.116294, 0.135447, 0.147996, 0.157512, 0.165280, 0.172051)","(0.065701, 0.087182, 0.103085, 0.113457, 0.121308, 0.127680, 0.133177)",0.020408497577340437,0.14117127091720186,0.1059190091387979,63.125552539167735,0.9240030872410742,"(0.087054, 0.112986, 0.131940, 0.144934, 0.155400, 0.164137, 0.171947)","(0.064337, 0.084583, 0.100229, 0.111072, 0.119923, 0.127335, 0.133954)",,,,,,,
swinLstm_B,epoch,70,0,SwinLSTM,14,7,./checkpoints/swinLstm_B.pt,0.020336081392746022,0.14253105648213937,0.10678089457623502,65.44182186938346,0.9793509517578368,"(0.087878, 0.115784, 0.135024, 0.147347, 0.156888, 0.164671, 0.171264)","(0.064925, 0.086731, 0.102673, 0.112887, 0.120734, 0.127053, 0.132464)",0.020159120510878235,0.14021998798025065,0.10594001001325147,60.689761885281264,0.9218765291674383,"(0.086352, 0.112397, 0.131081, 0.143963, 0.154312, 0.162985, 0.170768)","(0.064187, 0.084697, 0.100252, 0.111114, 0.119942, 0.127356, 0.134032)",,,,,,,
swinLstm_B,epoch,71,0,SwinLSTM,14,7,./checkpoints/swinLstm_B.pt,0.02041383929788432,0.14278287645235788,0.10703057918618335,65.54451818669096,0.979271557419858,"(0.087836, 0.115904, 0.135118, 0.147674, 0.157322, 0.164937, 0.171676)","(0.064911, 0.086871, 0.102861, 0.113241, 0.121153, 0.127347, 0.132830)",0.020431316136543094,0.141172101014647,0.10727174580097198,61.033936763631885,0.9193619181369913,"(0.086295, 0.112667, 0.131641, 0.144842, 0.155497, 0.164442, 0.172493)","(0.064484, 0.085291, 0.101243, 0.112468, 0.121666, 0.129386, 0.136365)",,,,,,,
swinLstm_B,epoch,72,0,SwinLSTM,14,7,./checkpoints/swinLstm_B.pt,0.02017356401824571,0.1419170286042392,0.10634216523550927,65.19712074766768,0.9795193174417983,"(0.087570, 0.115651, 0.134621, 0.146951, 0.156282, 0.163731, 0.170056)","(0.064589, 0.086606, 0.102377, 0.112598, 0.120289, 0.126395, 0.131540)",0.020374781163088208,0.14109146312392992,0.10622010688329565,60.20504691683013,0.9167002850565417,"(0.087450, 0.112493, 0.131468, 0.144570, 0.155201, 0.164171, 0.172221)","(0.065055, 0.084624, 0.100308, 0.111210, 0.120168, 0.127691, 0.134485)",,,,,,,
swinLstm_B,epoch,73,0,SwinLSTM,14,7,./checkpoints/swinLstm_B.pt,0.020455287640636907,0.1429105195113285,0.10711505699982034,65.61308546269194,0.9792914790041903,"(0.088021, 0.116007, 0.135156, 0.147651, 0.157285, 0.165207, 0.171994)","(0.065083, 0.086957, 0.102826, 0.113150, 0.121087, 0.127560, 0.133143)",0.020762467853211123,0.14285949489165997,0.1074153593388097,66.35605706839726,0.9230819262307266,"(0.088077, 0.113200, 0.132778, 0.146157, 0.157290, 0.166679, 0.175153)","(0.065771, 0.085295, 0.101413, 0.112353, 0.121542, 0.129300, 0.136233)",,,,,,,
swinLstm_B,epoch,74,0,SwinLSTM,14,7,./checkpoints/swinLstm_B.pt,0.020246430250637708,0.14221367227754148,0.10657559137078042,65.48541493111469,0.9794751418397781,"(0.087954, 0.115788, 0.134799, 0.147028, 0.156464, 0.164202, 0.170694)","(0.064983, 0.086724, 0.102505, 0.112646, 0.120413, 0.126726, 0.132033)",0.020707074295857858,0.14278851038423077,0.10707312257125459,64.61934112680369,0.922246071799048,"(0.088223, 0.112750, 0.132858, 0.145876, 0.157261, 0.166505, 0.175136)","(0.065347, 0.084200, 0.100951, 0.111784, 0.121435, 0.129243, 0.136552)",,,,,,,
swinLstm_B,epoch,75,0,SwinLSTM,14,7,./checkpoints/swinLstm_B.pt,0.02033795547136601,0.14253697175956476,0.1068388117437667,65.36585136170083,0.9793524063648061,"(0.088523, 0.115824, 0.134992, 0.147339, 0.156800, 0.164506, 0.171208)","(0.065465, 0.086800, 0.102679, 0.112886, 0.120648, 0.126928, 0.132465)",0.02289160861280458,0.14863166444260498,0.1151742806722378,61.963840024224645,0.898932738550778,"(0.090130, 0.117379, 0.137741, 0.152063, 0.163937, 0.173819, 0.182735)","(0.069070, 0.090936, 0.108307, 0.120570, 0.130850, 0.139367, 0.147119)",,,,,,,
swinLstm_B,epoch,76,1,SwinLSTM,14,7,./checkpoints/swinLstm_B.pt,0.020356491366599467,0.1425843759041563,0.10691703083191781,65.44646815036205,0.9793156756365553,"(0.088029, 0.115761, 0.134977, 0.147353, 0.156989, 0.164666, 0.171453)","(0.065157, 0.086844, 0.102768, 0.112977, 0.120885, 0.127135, 0.132654)",0.01932692758995911,0.13772639452383437,0.10309752128247557,60.644459000949205,0.925683461386582,"(0.084967, 0.110724, 0.129013, 0.141631, 0.151573, 0.159841, 0.167168)","(0.062707, 0.082808, 0.097882, 0.108332, 0.116625, 0.123569, 0.129759)",,,,,,,
swinLstm_B,epoch,77,0,SwinLSTM,14,7,./checkpoints/swinLstm_B.pt,0.02020537405413516,0.14204103459679318,0.10646713089118613,65.33182905075398,0.9795620419243549,"(0.087865, 0.115440, 0.134539, 0.146937, 0.156329, 0.164003, 0.170525)","(0.064941, 0.086500, 0.102356, 0.112621, 0.120349, 0.126606, 0.131898)",0.02110762624391194,0.14318239175040146,0.1075823802886338,60.29792387732144,0.9222628063169019,"(0.087535, 0.114100, 0.133495, 0.146835, 0.157714, 0.166834, 0.175063)","(0.065043, 0.085668, 0.101631, 0.112714, 0.121882, 0.129581, 0.136558)",,,,,,,
swinLstm_B,epoch,78,0,SwinLSTM,14,7,./checkpoints/swinLstm_B.pt,0.020119806543547423,0.14175582340995813,0.10617341640147757,64.93432907347983,0.97959418372905,"(0.087238, 0.115318, 0.134347, 0.146743, 0.156073, 0.163669, 0.170148)","(0.064396, 0.086373, 0.102140, 0.112386, 0.120044, 0.126286, 0.131589)",0.020288059102564024,0.14073777481399732,0.10505377218641083,63.675974122409166,0.9252704731349287,"(0.085852, 0.112159, 0.131207, 0.144328, 0.154993, 0.163984, 0.172106)","(0.063140, 0.083610, 0.099255, 0.110144, 0.119091, 0.126648, 0.133489)",,,,,,,
swinLstm_B,epoch,79,0,SwinLSTM,14,7,./checkpoints/swinLstm_B.pt,0.02000234983465139,0.14135063349756724,0.10592696447163186,64.991759990124,0.9796430921935021,"(0.087127, 0.115142, 0.134072, 0.146348, 0.155558, 0.163114, 0.169533)","(0.064351, 0.086257, 0.101967, 0.112133, 0.119729, 0.125889, 0.131164)",0.01968799772319095,0.1387713592627953,0.10377230906280978,61.86419792832999,0.9252780449801478,"(0.087169, 0.111280, 0.130169, 0.142437, 0.152600, 0.160834, 0.168304)","(0.064879, 0.083149, 0.098651, 0.108637, 0.117080, 0.123889, 0.130121)",,,,,,,
swinLstm_B,epoch,80,0,SwinLSTM,14,7,./checkpoints/swinLstm_B.pt,0.020107092870835293,0.14170466400238113,0.10615277496424128,65.15480429060916,0.9795799210984656,"(0.087154, 0.115342, 0.134444, 0.146654, 0.155956, 0.163584, 0.170071)","(0.064336, 0.086406, 0.102218, 0.112369, 0.120028, 0.126246, 0.131466)",0.019603568032897752,0.13850270314463253,0.10402403823260603,64.40040305565144,0.925293505191803,"(0.085904, 0.111488, 0.129939, 0.142590, 0.152465, 0.160630, 0.167685)","(0.063944, 0.083612, 0.098870, 0.109340, 0.117600, 0.124452, 0.130350)",,,,,,,
swinLstm_B,epoch,81,0,SwinLSTM,14,7,./checkpoints/swinLstm_B.pt,0.020128671040243292,0.14176038742951347,0.10627301088831526,65.20185961621873,0.9795994634958024,"(0.087556, 0.115399, 0.134506, 0.146691, 0.156087, 0.163568, 0.169948)","(0.064701, 0.086452, 0.102308, 0.112426, 0.120191, 0.126320, 0.131514)",0.0203512883584561,0.14129075921815018,0.10663809113461396,60.08081853800807,0.9193660000274921,"(0.085101, 0.112335, 0.131190, 0.144909, 0.155735, 0.165060, 0.173326)","(0.063441, 0.085050, 0.100559, 0.111931, 0.120960, 0.128788, 0.135736)",,,,,,,
swinLstm_B,epoch,82,0,SwinLSTM,14,7,./checkpoints/swinLstm_B.pt,0.020198690011463266,0.14203049313750135,0.10640916363038916,65.17959205140458,0.9795544515264795,"(0.087429, 0.115460, 0.134557, 0.146912, 0.156335, 0.164071, 0.170612)","(0.064559, 0.086482, 0.102305, 0.112523, 0.120342, 0.126660, 0.131993)",0.01976946876223745,0.13913780784812466,0.1050717699630507,66.18595297583218,0.9231350175265608,"(0.087265, 0.111631, 0.130685, 0.142870, 0.153069, 0.161203, 0.168563)","(0.065135, 0.084084, 0.099983, 0.110109, 0.118759, 0.125598, 0.131834)",,,,,,,
swinLstm_B,epoch,83,0,SwinLSTM,14,7,./checkpoints/swinLstm_B.pt,0.019916211443140784,0.14102395042264212,0.10564580472542885,64.8845209162286,0.9797871848370167,"(0.087066, 0.114992, 0.133820, 0.146047, 0.155247, 0.162647, 0.168945)","(0.064282, 0.086108, 0.101752, 0.111866, 0.119432, 0.125461, 0.130619)",0.021254626809266108,0.14382671230825886,0.1099324008000308,62.89888194511677,0.9120682662930982,"(0.087701, 0.114155, 0.133716, 0.147391, 0.158498, 0.167851, 0.176223)","(0.066089, 0.087130, 0.103548, 0.115151, 0.124711, 0.132789, 0.140109)",,,,,,,
swinLstm_B,epoch,84,0,SwinLSTM,14,7,./checkpoints/swinLstm_B.pt,0.02015579876271968,0.14186369637376556,0.10631142703301096,65.15906488134506,0.9795701018673308,"(0.087354, 0.115419, 0.134380, 0.146773, 0.156155, 0.163798, 0.170396)","(0.064560, 0.086480, 0.102246, 0.112471, 0.120195, 0.126419, 0.131808)",0.019594492069606124,0.1384459212422371,0.10391188798279598,63.9883519534407,0.9247232202825875,"(0.085548, 0.111204, 0.129551, 0.142395, 0.152344, 0.160763, 0.168143)","(0.063298, 0.083363, 0.098467, 0.109145, 0.117496, 0.124634, 0.130981)",,,,,,,
swinLstm_B,epoch,85,0,SwinLSTM,14,7,./checkpoints/swinLstm_B.pt,0.02007173859771896,0.14156992225886578,0.10609904676675797,65.13089608131571,0.9796083934129552,"(0.087020, 0.115216, 0.134195, 0.146591, 0.155853, 0.163442, 0.169908)","(0.064266, 0.086295, 0.102096, 0.112328, 0.120044, 0.126212, 0.131451)",0.019467897873757214,0.13799934937008496,0.10343442626040557,63.520870438937486,0.9259150151548714,"(0.084608, 0.110901, 0.129374, 0.141999, 0.152011, 0.160247, 0.167509)","(0.062634, 0.083067, 0.098290, 0.108761, 0.117125, 0.124014, 0.130150)",,,,,,,
swinLstm_B,epoch,86,0,SwinLSTM,14,7,./checkpoints/swinLstm_B.pt,0.02004379133119228,0.14146630818125985,0.10598408696340754,64.75582964876865,0.9796824556715945,"(0.087122, 0.115302, 0.134289, 0.146551, 0.155801, 0.163201, 0.169453)","(0.064276, 0.086347, 0.102108, 0.112254, 0.119897, 0.125936, 0.131072)",0.019808804230957197,0.13913961808229314,0.10510202754160454,59.14571235919821,0.921925727663369,"(0.084575, 0.111441, 0.130039, 0.143040, 0.153298, 0.161919, 0.169546)","(0.063117, 0.084196, 0.099617, 0.110448, 0.119069, 0.126371, 0.132897)",,,,,,,
swinLstm_B,epoch,87,0,SwinLSTM,14,7,./checkpoints/swinLstm_B.pt,0.01977884185876935,0.14054220569576278,0.10522337729467991,64.32806420833506,0.9799129515886307,"(0.086590, 0.114801, 0.133614, 0.145658, 0.154794, 0.161984, 0.168068)","(0.063872, 0.085951, 0.101544, 0.111482, 0.118998, 0.124895, 0.129821)",0.019852581658753855,0.1394295448373104,0.1050098916066104,59.37666521401241,0.9220471012181249,"(0.085745, 0.111607, 0.130484, 0.143261, 0.153531, 0.162056, 0.169648)","(0.064046, 0.084002, 0.099599, 0.110151, 0.118769, 0.125992, 0.132512)",,,,,,,
swinLstm_B,epoch,88,0,SwinLSTM,14,7,./checkpoints/swinLstm_B.pt,0.019748204011232295,0.14044328232226497,0.10516552785609631,64.46582820567679,0.9799955642603814,"(0.086571, 0.114672, 0.133506, 0.145586, 0.154660, 0.161825, 0.168021)","(0.063884, 0.085850, 0.101466, 0.111458, 0.118910, 0.124781, 0.129810)",0.020751920432366174,0.14237872690990053,0.10697438644951787,59.15658069479054,0.9230701532857172,"(0.086329, 0.113012, 0.132285, 0.145858, 0.156824, 0.166256, 0.174839)","(0.063990, 0.084880, 0.100709, 0.112027, 0.121282, 0.129302, 0.136630)",,,,,,,
swinLstm_B,epoch,89,0,SwinLSTM,14,7,./checkpoints/swinLstm_B.pt,0.019986666907417648,0.14126482737578916,0.10585117768099968,64.72208278737169,0.9796920634330587,"(0.086976, 0.115144, 0.134134, 0.146392, 0.155493, 0.162918, 0.169264)","(0.064269, 0.086248, 0.101990, 0.112143, 0.119646, 0.125744, 0.130919)",0.019634968890198345,0.1386921351839756,0.10388411221833065,62.83556313350283,0.9263046013897863,"(0.085066, 0.111327, 0.130023, 0.142678, 0.152780, 0.161042, 0.168424)","(0.062912, 0.083238, 0.098683, 0.109200, 0.117695, 0.124620, 0.130841)",,,,,,,
swinLstm_B,epoch,90,0,SwinLSTM,14,7,./checkpoints/swinLstm_B.pt,0.020099998015831125,0.14164880299253102,0.10622655406118707,65.07983410612066,0.9796223735555689,"(0.087498, 0.115317, 0.134322, 0.146555, 0.155857, 0.163423, 0.169990)","(0.064762, 0.086406, 0.102237, 0.112358, 0.120033, 0.126224, 0.131565)",0.020182097619720573,0.1401080260502881,0.10586998226313755,62.86242790879874,0.9218305554883234,"(0.086107, 0.112101, 0.130989, 0.143896, 0.154310, 0.162944, 0.170623)","(0.064281, 0.084533, 0.100227, 0.111059, 0.119917, 0.127273, 0.133799)",,,,,,,
swinLstm_B,epoch,91,0,SwinLSTM,14,7,./checkpoints/swinLstm_B.pt,0.019682520663643135,0.14022555258091632,0.10503438598615059,64.52074040757849,0.9800388118688096,"(0.086651, 0.114646, 0.133439, 0.145382, 0.154409, 0.161488, 0.167488)","(0.063977, 0.085829, 0.101422, 0.111296, 0.118724, 0.124534, 0.129459)",0.01960333086678694,0.1382120536832974,0.10369686319910247,61.11100575019573,0.9259180138851034,"(0.084913, 0.111205, 0.129727, 0.142163, 0.152207, 0.160365, 0.167687)","(0.062980, 0.083252, 0.098571, 0.108892, 0.117380, 0.124288, 0.130516)",,,,,,,
swinLstm_B,epoch,92,1,SwinLSTM,14,7,./checkpoints/swinLstm_B.pt,0.019597578724410307,0.13989186555842428,0.10474454833472029,64.45300319346975,0.9801304625703934,"(0.086366, 0.114531, 0.133245, 0.144966, 0.153937, 0.161022, 0.167147)","(0.063673, 0.085648, 0.101252, 0.110971, 0.118350, 0.124138, 0.129179)",0.019152925542459405,0.13674869311266932,0.10239539166976666,61.311288669191555,0.92709881067276,"(0.083999, 0.110404, 0.128689, 0.141042, 0.150648, 0.158456, 0.165210)","(0.061962, 0.082547, 0.097630, 0.107893, 0.115945, 0.122531, 0.128258)",,,,,,,
swinLstm_B,epoch,93,0,SwinLSTM,14,7,./checkpoints/swinLstm_B.pt,0.019893407940547517,0.1409484770182273,0.10556444268118828,64.80040509650048,0.9798302257314642,"(0.086560, 0.114833, 0.133897, 0.146057, 0.155180, 0.162584, 0.168932)","(0.063911, 0.085983, 0.101796, 0.111852, 0.119355, 0.125421, 0.130634)",0.019502956548641467,0.13788272311975217,0.10378008387212095,62.78478609282395,0.9248880743980408,"(0.084248, 0.110888, 0.129375, 0.141977, 0.151920, 0.160108, 0.167291)","(0.062395, 0.083211, 0.098592, 0.109186, 0.117647, 0.124633, 0.130796)",,,,,,,
swinLstm_B,epoch,94,0,SwinLSTM,14,7,./checkpoints/swinLstm_B.pt,0.019608577118909107,0.13994028453212912,0.10480190048667978,64.31605221362824,0.9800802764106304,"(0.086388, 0.114430, 0.133163, 0.145150, 0.154021, 0.161162, 0.167169)","(0.063617, 0.085641, 0.101227, 0.111156, 0.118480, 0.124299, 0.129194)",0.019842583846686215,0.1390905282620726,0.10508122140991277,61.7792094658161,0.9213919536820774,"(0.085097, 0.111418, 0.130163, 0.142958, 0.153191, 0.161716, 0.169255)","(0.063463, 0.084092, 0.099652, 0.110371, 0.119039, 0.126268, 0.132684)",,,,,,,
swinLstm_B,epoch,95,0,SwinLSTM,14,7,./checkpoints/swinLstm_B.pt,0.019847796863301636,0.14076170892890222,0.10546600430252705,64.47771352402707,0.9798727878864776,"(0.086605, 0.114825, 0.133759, 0.145880, 0.154983, 0.162273, 0.168555)","(0.063987, 0.086042, 0.101775, 0.111773, 0.119250, 0.125169, 0.130265)",0.01995573504346198,0.13939752763715282,0.10496238079564325,59.593761641403724,0.9236042890055426,"(0.084850, 0.111545, 0.130259, 0.143173, 0.153531, 0.162241, 0.170088)","(0.063186, 0.083920, 0.099401, 0.110151, 0.118872, 0.126256, 0.132951)",,,,,,,
swinLstm_B,epoch,96,0,SwinLSTM,14,7,./checkpoints/swinLstm_B.pt,0.019952148060373803,0.14114647855144705,0.10579257953832759,64.88967380117863,0.9797803876881904,"(0.086936, 0.115060, 0.134108, 0.146162, 0.155343, 0.162822, 0.169104)","(0.064299, 0.086238, 0.102048, 0.111999, 0.119538, 0.125646, 0.130780)",0.021721379574516725,0.14505383757681684,0.11135565438147249,63.590884077137915,0.911060016730736,"(0.088221, 0.115123, 0.134813, 0.148604, 0.159911, 0.169385, 0.177870)","(0.066877, 0.088274, 0.104912, 0.116683, 0.126387, 0.134513, 0.141844)",,,,,,,
swinLstm_B,epoch,97,0,SwinLSTM,14,7,./checkpoints/swinLstm_B.pt,0.020130188382686452,0.1417526539039367,0.10625662171143166,65.0997785000091,0.979578675107753,"(0.087095, 0.115300, 0.134405, 0.146668, 0.156065, 0.163648, 0.170252)","(0.064385, 0.086389, 0.102276, 0.112415, 0.120186, 0.126382, 0.131764)",0.019142573635125983,0.13693301559522233,0.10203424969623828,59.221206467727136,0.927182884051882,"(0.084311, 0.110173, 0.128616, 0.141031, 0.150791, 0.158806, 0.165840)","(0.062251, 0.082135, 0.097159, 0.107319, 0.115377, 0.122040, 0.127959)",,,,,,,
swinLstm_B,epoch,98,0,SwinLSTM,14,7,./checkpoints/swinLstm_B.pt,0.019896962660107206,0.14091844561577813,0.10555938651111532,64.44778075116746,0.9798187756157936,"(0.086652, 0.114937, 0.133874, 0.146007, 0.155158, 0.162501, 0.168780)","(0.064005, 0.086096, 0.101791, 0.111811, 0.119349, 0.125370, 0.130493)",0.019494566392025042,0.13810802328175512,0.10395162706745081,64.0661449432373,0.9248333861087931,"(0.085141, 0.111002, 0.129716, 0.142064, 0.152076, 0.160212, 0.167471)","(0.063338, 0.083428, 0.099004, 0.109251, 0.117650, 0.124440, 0.130550)",,,,,,,
swinLstm_B,epoch,99,0,SwinLSTM,14,7,./checkpoints/swinLstm_B.pt,0.019835842268026257,0.14073039948774832,0.10539366546621982,64.71023176071492,0.9798892349638837,"(0.086593, 0.114583, 0.133681, 0.145774, 0.154976, 0.162315, 0.168659)","(0.063932, 0.085796, 0.101639, 0.111643, 0.119187, 0.125200, 0.130359)",0.019344636881402855,0.1375970966343222,0.10292395486913879,60.351867314042714,0.9273564938841194,"(0.084069, 0.110541, 0.129075, 0.141660, 0.151588, 0.159811, 0.167028)","(0.062223, 0.082663, 0.097882, 0.108249, 0.116518, 0.123417, 0.129516)",,,,,,,
swinLstm_B,epoch,100,1,SwinLSTM,14,7,./checkpoints/swinLstm_B.pt,0.019686004632410218,0.14021407769903813,0.10499953490463977,64.56765053120066,0.9800161402276222,"(0.086481, 0.114436, 0.133317, 0.145296, 0.154409, 0.161639, 0.167692)","(0.063754, 0.085662, 0.101316, 0.111254, 0.118763, 0.124637, 0.129611)",0.018882254331276334,0.13597143621280275,0.10185516985325978,60.46334144986909,0.9275536084997242,"(0.084320, 0.109678, 0.128043, 0.140123, 0.149718, 0.157416, 0.164169)","(0.062459, 0.082096, 0.097214, 0.107152, 0.115149, 0.121589, 0.127328)",,,,,,,
swinLstm_B,epoch,101,0,SwinLSTM,14,7,./checkpoints/swinLstm_B.pt,0.019533322529589878,0.13966677454444207,0.10455435058696473,64.10520685479996,0.9801736220400384,"(0.085825, 0.114090, 0.132918, 0.144876, 0.153852, 0.160938, 0.166931)","(0.063271, 0.085364, 0.100979, 0.110897, 0.118333, 0.124089, 0.128948)",0.01972485340104021,0.13863452832246648,0.10473257123396315,62.48248728390398,0.9238012474158714,"(0.085240, 0.111494, 0.130038, 0.142627, 0.152612, 0.160906, 0.168245)","(0.063444, 0.084034, 0.099463, 0.110085, 0.118570, 0.125635, 0.131896)",,,,,,,
swinLstm_B,epoch,102,0,SwinLSTM,14,7,./checkpoints/swinLstm_B.pt,0.0195315651833377,0.1396652534891351,0.10462483517984127,64.4801380076307,0.9801782927614577,"(0.086164, 0.114226, 0.132983, 0.144831, 0.153761, 0.160814, 0.166840)","(0.063602, 0.085490, 0.101098, 0.110894, 0.118243, 0.124060, 0.128986)",0.019569638731150793,0.13824910285144015,0.10424143589776137,62.00714002806565,0.9247215821825224,"(0.086487, 0.111114, 0.130038, 0.142169, 0.152090, 0.160118, 0.167253)","(0.065023, 0.083582, 0.099336, 0.109312, 0.117628, 0.124378, 0.130430)",,,,,,,
swinLstm_B,epoch,103,0,SwinLSTM,14,7,./checkpoints/swinLstm_B.pt,0.019569391642320664,0.13979664468095612,0.10472379430652932,64.47891511308386,0.9801419313917769,"(0.086378, 0.114203, 0.133088, 0.144894, 0.153812, 0.161028, 0.167110)","(0.063770, 0.085475, 0.101171, 0.110942, 0.118315, 0.124222, 0.129171)",0.01915322597427615,0.1367805672102961,0.10153308099713819,62.523281196068076,0.9261999705742145,"(0.082859, 0.109617, 0.128210, 0.140830, 0.150784, 0.159007, 0.166234)","(0.060750, 0.081378, 0.096566, 0.106930, 0.115140, 0.121976, 0.127991)",,,,,,,
swinLstm_B,epoch,104,0,SwinLSTM,14,7,./checkpoints/swinLstm_B.pt,0.019522312652081885,0.13960208370168517,0.10452571277447203,64.19673296745788,0.9802083030660101,"(0.085995, 0.114153, 0.132966, 0.144899, 0.153672, 0.160787, 0.166711)","(0.063396, 0.085401, 0.101002, 0.110893, 0.118180, 0.123973, 0.128835)",0.01914526804767806,0.1369661701650455,0.10252718601761193,58.44606458729711,0.9268029229394321,"(0.083655, 0.109915, 0.128282, 0.140918, 0.150843, 0.159169, 0.166507)","(0.061764, 0.082306, 0.097364, 0.107776, 0.116050, 0.123074, 0.129357)",,,,,,,
swinLstm_B,epoch,105,0,SwinLSTM,14,7,./checkpoints/swinLstm_B.pt,0.019486730739949866,0.13949443973385128,0.10444216862162377,64.02110605036958,0.9801942252732337,"(0.085902, 0.114067, 0.132898, 0.144767, 0.153616, 0.160603, 0.166549)","(0.063352, 0.085376, 0.101005, 0.110805, 0.118112, 0.123809, 0.128637)",0.02176595498518697,0.14556763655152813,0.10986764343648121,66.4468794526725,0.922394047523367,"(0.086444, 0.114074, 0.134284, 0.148466, 0.160519, 0.170949, 0.180780)","(0.064258, 0.085871, 0.102730, 0.114741, 0.125058, 0.133992, 0.142424)",,,,,,,
swinLstm_B,epoch,106,0,SwinLSTM,14,7,./checkpoints/swinLstm_B.pt,0.01965746361801916,0.1400917626251657,0.10497538975261628,64.6087671036416,0.9801081612389139,"(0.086335, 0.114339, 0.133191, 0.145194, 0.154270, 0.161474, 0.167591)","(0.063761, 0.085625, 0.101303, 0.111233, 0.118743, 0.124603, 0.129559)",0.0192931794465102,0.13739277576578074,0.10353239677075682,61.320608139038086,0.9256702846494215,"(0.084160, 0.110454, 0.129025, 0.141480, 0.151407, 0.159457, 0.166574)","(0.062711, 0.083126, 0.098535, 0.108883, 0.117240, 0.124067, 0.130165)",,,,,,,
swinLstm_B,epoch,107,0,SwinLSTM,14,7,./checkpoints/swinLstm_B.pt,0.019343318704991265,0.13897668768658744,0.10405271805505803,64.09870770637025,0.9804211946878028,"(0.085853, 0.113872, 0.132600, 0.144291, 0.153092, 0.159803, 0.165599)","(0.063312, 0.085150, 0.100691, 0.110396, 0.117676, 0.123204, 0.127940)",0.01970924623310566,0.13871698184260006,0.10449503413562117,62.92034711508915,0.9256437564718312,"(0.084646, 0.111218, 0.130032, 0.142548, 0.152816, 0.161160, 0.168843)","(0.062882, 0.083523, 0.099143, 0.109666, 0.118436, 0.125589, 0.132226)",,,,,,,
swinLstm_B,epoch,108,0,SwinLSTM,14,7,./checkpoints/swinLstm_B.pt,0.019335085744077853,0.13895628282463973,0.10399408864372588,63.95301983204294,0.9804161840930898,"(0.085345, 0.113742, 0.132492, 0.144308, 0.153066, 0.159942, 0.165754)","(0.062797, 0.085041, 0.100634, 0.110445, 0.117685, 0.123310, 0.128046)",0.01909209869737769,0.1364640719417868,0.10258041656222837,61.62198523817391,0.9263354498764564,"(0.083045, 0.110106, 0.128336, 0.140781, 0.150414, 0.158301, 0.165144)","(0.061499, 0.082675, 0.097705, 0.108113, 0.116246, 0.122972, 0.128853)",,,,,,,
swinLstm_B,epoch,109,0,SwinLSTM,14,7,./checkpoints/swinLstm_B.pt,0.019608509855622305,0.1399335829881197,0.1048120370015819,64.52156921143228,0.9801372806442544,"(0.086100, 0.114337, 0.133197, 0.145108, 0.154102, 0.161193, 0.167290)","(0.063492, 0.085569, 0.101290, 0.111158, 0.118538, 0.124307, 0.129331)",0.01928699854761362,0.13731522678301253,0.10309229303022911,62.6636512690577,0.926933307072212,"(0.083181, 0.110074, 0.128711, 0.141446, 0.151432, 0.159713, 0.166886)","(0.061635, 0.082772, 0.098138, 0.108628, 0.116892, 0.123805, 0.129777)",,,,,,,
swinLstm_B,epoch,110,0,SwinLSTM,14,7,./checkpoints/swinLstm_B.pt,0.0192853239999014,0.13877851213200362,0.10389011159063653,63.73171881411938,0.9804625222657589,"(0.085444, 0.113702, 0.132401, 0.144173, 0.152865, 0.159611, 0.165396)","(0.062902, 0.085011, 0.100579, 0.110355, 0.117524, 0.123047, 0.127813)",0.019186648379625946,0.1369935212464168,0.10257461538602566,64.99446905070337,0.9276412334935419,"(0.082814, 0.109713, 0.128408, 0.140951, 0.151045, 0.159358, 0.166738)","(0.061057, 0.082001, 0.097477, 0.107926, 0.116426, 0.123453, 0.129682)",,,,,,,
swinLstm_B,epoch,111,0,SwinLSTM,14,7,./checkpoints/swinLstm_B.pt,0.01942299299457289,0.13927251550857955,0.10424432883712839,63.9654275204273,0.9802880436182022,"(0.085651, 0.113876, 0.132846, 0.144569, 0.153284, 0.160289, 0.166326)","(0.063143, 0.085166, 0.100924, 0.110635, 0.117820, 0.123550, 0.128472)",0.019308255921150076,0.13737029119812208,0.10343483218858981,59.18033175632871,0.9254914254977785,"(0.083732, 0.110588, 0.129019, 0.141570, 0.151359, 0.159448, 0.166507)","(0.062197, 0.083204, 0.098433, 0.108937, 0.117177, 0.124025, 0.130070)",,,,,,,
swinLstm_B,epoch,112,0,SwinLSTM,14,7,./checkpoints/swinLstm_B.pt,0.019437851770681903,0.13932629190156579,0.10430330965430179,63.91027515492541,0.9802587336682259,"(0.085595, 0.113987, 0.132822, 0.144651, 0.153451, 0.160409, 0.166270)","(0.063107, 0.085264, 0.100935, 0.110737, 0.117994, 0.123636, 0.128450)",0.021557644491308724,0.1447246295624766,0.11014965921640396,57.84590112751928,0.9168106893013264,"(0.087177, 0.114044, 0.133916, 0.147834, 0.159372, 0.169502, 0.178813)","(0.065709, 0.086702, 0.103341, 0.115082, 0.124954, 0.133626, 0.141632)",,,,,,,
swinLstm_B,epoch,113,0,SwinLSTM,14,7,./checkpoints/swinLstm_B.pt,0.019533147113992178,0.13965458247524629,0.10461688338917621,64.22036972451717,0.9802043067013964,"(0.085938, 0.114158, 0.132972, 0.144833, 0.153767, 0.160834, 0.166929)","(0.063438, 0.085445, 0.101100, 0.110897, 0.118298, 0.124077, 0.129064)",0.020506716847162824,0.14121595538895707,0.10577229230568327,63.050646716150744,0.9247981433210701,"(0.084715, 0.112338, 0.131618, 0.144929, 0.155705, 0.164843, 0.173094)","(0.062563, 0.084015, 0.099906, 0.111063, 0.120137, 0.127876, 0.134846)",,,,,,,
swinLstm_B,epoch,114,0,SwinLSTM,14,7,./checkpoints/swinLstm_B.pt,0.019281628779432874,0.13875759043529975,0.10385633660282226,63.810804042410346,0.9804756207034943,"(0.085116, 0.113670, 0.132342, 0.144051, 0.152832, 0.159738, 0.165565)","(0.062657, 0.085019, 0.100524, 0.110265, 0.117487, 0.123142, 0.127899)",0.020118622430439652,0.1400232227711842,0.10603598196958673,60.236411357748096,0.9193585884982142,"(0.084302, 0.111513, 0.130842, 0.143836, 0.154457, 0.163212, 0.171093)","(0.063169, 0.084367, 0.100470, 0.111349, 0.120391, 0.127866, 0.134641)",,,,,,,
swinLstm_B,epoch,115,0,SwinLSTM,14,7,./checkpoints/swinLstm_B.pt,0.019268749628533074,0.1387205108411737,0.10386672366331233,63.72804181119229,0.9804833233356476,"(0.085285, 0.113645, 0.132335, 0.144008, 0.152700, 0.159669, 0.165459)","(0.062797, 0.085026, 0.100563, 0.110256, 0.117424, 0.123113, 0.127889)",0.019139237252288853,0.13688662391284417,0.10302647203207016,62.18018469317206,0.9270221036055992,"(0.083171, 0.109926, 0.128350, 0.140996, 0.150848, 0.159088, 0.166266)","(0.061666, 0.082584, 0.097829, 0.108435, 0.116774, 0.123844, 0.130054)",,,,,,,
swinLstm_B,epoch,116,0,SwinLSTM,14,7,./checkpoints/swinLstm_B.pt,0.01924365407668371,0.13864990641047834,0.10375663380515068,63.78307099037982,0.9804659558737532,"(0.085234, 0.113681, 0.132218, 0.143949, 0.152726, 0.159567, 0.165266)","(0.062755, 0.084977, 0.100421, 0.110114, 0.117362, 0.122996, 0.127672)",0.020280777605186248,0.14043543410712275,0.10735830690326362,60.36044518700962,0.9172707796096802,"(0.085734, 0.112081, 0.131479, 0.144398, 0.154899, 0.163402, 0.170897)","(0.064830, 0.085567, 0.101987, 0.112858, 0.121809, 0.129012, 0.135445)",,,,,,,
swinLstm_B,epoch,117,0,SwinLSTM,14,7,./checkpoints/swinLstm_B.pt,0.019226618111133575,0.13857424980022673,0.10377109894885662,64.00693181220521,0.980470116468186,"(0.085561, 0.113567, 0.132291, 0.143929, 0.152568, 0.159395, 0.165019)","(0.063052, 0.084923, 0.100507, 0.110158, 0.117299, 0.122912, 0.127547)",0.01966960676785173,0.13860497418148765,0.10462299194829218,60.88654409605881,0.9222851375053669,"(0.085273, 0.110479, 0.129809, 0.142306, 0.152717, 0.161158, 0.168751)","(0.063700, 0.083299, 0.099396, 0.109769, 0.118527, 0.125617, 0.132053)",,,,,,,
swinLstm_B,epoch,118,0,SwinLSTM,14,7,./checkpoints/swinLstm_B.pt,0.019196736309281055,0.13845206973601806,0.10364717641409407,63.75694420997133,0.980549727982663,"(0.084912, 0.113439, 0.132028, 0.143702, 0.152415, 0.159396, 0.165279)","(0.062501, 0.084853, 0.100317, 0.110001, 0.117252, 0.122931, 0.127675)",0.019230813735389506,0.1369249296599421,0.1035637819561465,61.13822052396577,0.923666658072636,"(0.083340, 0.110025, 0.128718, 0.141132, 0.150993, 0.158984, 0.165896)","(0.062392, 0.083067, 0.098680, 0.109040, 0.117406, 0.124210, 0.130152)",,,,,,,
swinLstm_B,epoch,119,1,SwinLSTM,14,7,./checkpoints/swinLstm_B.pt,0.01908548182233217,0.13807164033493768,0.10331662811655948,63.563301674863126,0.9805982921351778,"(0.084810, 0.113419, 0.131870, 0.143478, 0.152003, 0.158777, 0.164388)","(0.062330, 0.084748, 0.100146, 0.109793, 0.116805, 0.122399, 0.126995)",0.018616536519779212,0.13480909374253502,0.101166730810856,60.975545422784215,0.9281304252558741,"(0.082218, 0.108934, 0.127163, 0.139222, 0.148584, 0.156162, 0.162689)","(0.060655, 0.081543, 0.096639, 0.106757, 0.114682, 0.121143, 0.126748)",,,,,,,
swinLstm_B,epoch,120,0,SwinLSTM,14,7,./checkpoints/swinLstm_B.pt,0.019538149653755603,0.13967221277533862,0.10456074790117588,64.14791419658255,0.9801698802633488,"(0.085780, 0.114010, 0.133054, 0.144826, 0.153824, 0.160932, 0.166993)","(0.063323, 0.085296, 0.101114, 0.110839, 0.118248, 0.124065, 0.129039)",0.02047458454838087,0.1408795704101694,0.1067518725477416,60.78347873687744,0.9191937117741026,"(0.085726, 0.111955, 0.131280, 0.144377, 0.155160, 0.164283, 0.172536)","(0.064178, 0.084680, 0.100864, 0.111862, 0.121035, 0.128791, 0.135853)",,,,,,,
swinLstm_B,epoch,121,0,SwinLSTM,14,7,./checkpoints/swinLstm_B.pt,0.019123508773268537,0.1381881680099488,0.10334027554602065,63.33607819739809,0.9805844128131866,"(0.084828, 0.113343, 0.131956, 0.143576, 0.152308, 0.158965, 0.164520)","(0.062407, 0.084699, 0.100179, 0.109788, 0.116969, 0.122415, 0.126926)",0.018933911566975815,0.13584604114294052,0.10173641196612654,60.112931350181846,0.9293803942614588,"(0.082553, 0.109564, 0.127880, 0.140108, 0.149691, 0.157564, 0.164453)","(0.060840, 0.081830, 0.097022, 0.107232, 0.115328, 0.122014, 0.127889)",,,,,,,
swinLstm_B,epoch,122,0,SwinLSTM,14,7,./checkpoints/swinLstm_B.pt,0.019334055909371758,0.1389499385562154,0.10400659515661129,63.65986753017344,0.9804121154419919,"(0.085316, 0.113679, 0.132525, 0.144245, 0.153018, 0.159898, 0.165900)","(0.062861, 0.085023, 0.100694, 0.110421, 0.117652, 0.123234, 0.128160)",0.01966920514302007,0.1387290589768311,0.10476764497058146,62.5905159917371,0.9236043691635132,"(0.083351, 0.110590, 0.129852, 0.142696, 0.153146, 0.161669, 0.169166)","(0.062351, 0.083629, 0.099676, 0.110251, 0.118972, 0.126100, 0.132395)",,,,,,,
swinLstm_B,epoch,123,0,SwinLSTM,14,7,./checkpoints/swinLstm_B.pt,0.019197696859532213,0.13846854829549934,0.10368198513033543,63.72706577625681,0.9805253344647428,"(0.085154, 0.113562, 0.132235, 0.143889, 0.152515, 0.159232, 0.164905)","(0.062763, 0.084890, 0.100469, 0.110129, 0.117314, 0.122793, 0.127415)",0.0190373625413611,0.13621820997575235,0.10213480607188981,59.92145446251179,0.9275881031463886,"(0.082212, 0.109508, 0.127823, 0.140320, 0.150124, 0.158321, 0.165533)","(0.060621, 0.081976, 0.097133, 0.107587, 0.115857, 0.122811, 0.128959)",,,,,,,
swinLstm_B,epoch,124,1,SwinLSTM,14,7,./checkpoints/swinLstm_B.pt,0.01897292709513072,0.13764591623664194,0.10296550361399955,63.248333281659065,0.980739525658019,"(0.084620, 0.113042, 0.131559, 0.143030, 0.151604, 0.158232, 0.163792)","(0.062235, 0.084483, 0.099905, 0.109406, 0.116479, 0.121875, 0.126375)",0.018517992491352147,0.13472567601450558,0.10047404879126055,59.1658002590311,0.9299183775638712,"(0.082745, 0.108647, 0.126948, 0.139003, 0.148389, 0.156112, 0.162685)","(0.060812, 0.080897, 0.095949, 0.105949, 0.113754, 0.120221, 0.125738)",,,,,,,
swinLstm_B,epoch,125,0,SwinLSTM,14,7,./checkpoints/swinLstm_B.pt,0.019314543923680136,0.13888249071823755,0.10402508024522598,63.80310330492385,0.9803730864474114,"(0.085318, 0.113700, 0.132513, 0.144232, 0.153022, 0.159784, 0.165622)","(0.062886, 0.085080, 0.100764, 0.110466, 0.117696, 0.123250, 0.128034)",0.018929267302155495,0.13599732030054618,0.10263405046586332,62.849030527575266,0.9263826464784557,"(0.082335, 0.109366, 0.127836, 0.140264, 0.149970, 0.157927, 0.164820)","(0.060973, 0.082185, 0.097695, 0.108256, 0.116569, 0.123416, 0.129345)",,,,,,,
swinLstm_B,epoch,126,0,SwinLSTM,14,7,./checkpoints/swinLstm_B.pt,0.018941378973900004,0.13754251731956077,0.1029053049043138,63.33686355834312,0.9807740881087932,"(0.084512, 0.113000, 0.131484, 0.142966, 0.151461, 0.158106, 0.163631)","(0.062172, 0.084465, 0.099856, 0.109388, 0.116385, 0.121794, 0.126278)",0.01915322186361099,0.13664486233530374,0.10325057804584503,60.04420556693241,0.9243999884046358,"(0.083003, 0.109783, 0.128166, 0.140803, 0.150545, 0.158804, 0.165842)","(0.061818, 0.082869, 0.098170, 0.108770, 0.116999, 0.124030, 0.130097)",,,,,,,
swinLstm_B,epoch,127,0,SwinLSTM,14,7,./checkpoints/swinLstm_B.pt,0.018880393772207675,0.1373193678731856,0.10269846584885678,63.437713623046875,0.9808488706959054,"(0.084463, 0.112907, 0.131415, 0.142848, 0.151218, 0.157703, 0.163175)","(0.062096, 0.084359, 0.099741, 0.109224, 0.116147, 0.121434, 0.125888)",0.01996878820375122,0.13914317098157158,0.10600036922199972,59.7841346674952,0.919088743883988,"(0.084128, 0.111391, 0.130465, 0.143248, 0.153482, 0.161855, 0.169174)","(0.063088, 0.084596, 0.100699, 0.111583, 0.120406, 0.127629, 0.134002)",,,,,,,
swinLstm_B,epoch,128,0,SwinLSTM,14,7,./checkpoints/swinLstm_B.pt,0.0190881982029594,0.13807680987379103,0.10336163754951447,63.683200572399386,0.980651153211898,"(0.085054, 0.113297, 0.131956, 0.143455, 0.151966, 0.158757, 0.164395)","(0.062584, 0.084670, 0.100216, 0.109775, 0.116829, 0.122422, 0.127035)",0.019338178833753897,0.13727462445867472,0.10318384653535383,59.966696180146315,0.9274508583134619,"(0.083243, 0.110192, 0.128929, 0.141342, 0.151328, 0.159484, 0.166754)","(0.061831, 0.082616, 0.098168, 0.108499, 0.116976, 0.123957, 0.130240)",,,,,,,
swinLstm_B,epoch,129,0,SwinLSTM,14,7,./checkpoints/swinLstm_B.pt,0.01892662316342776,0.1374751275535427,0.10285713654407795,63.08784288041135,0.9808481640004098,"(0.084344, 0.113085, 0.131477, 0.142954, 0.151445, 0.157908, 0.163495)","(0.062032, 0.084545, 0.099835, 0.109387, 0.116347, 0.121665, 0.126189)",0.019390524108091306,0.13735644545020728,0.10404584376976408,60.51472693476184,0.923605476987773,"(0.083356, 0.110217, 0.129063, 0.141499, 0.151465, 0.159563, 0.166644)","(0.062257, 0.083272, 0.099076, 0.109555, 0.118057, 0.124991, 0.131112)",,,,,,,
swinLstm_B,epoch,130,0,SwinLSTM,14,7,./checkpoints/swinLstm_B.pt,0.018948733261687323,0.13757491439563924,0.10292537851219481,63.182980435959834,0.9807988738125943,"(0.084338, 0.112983, 0.131540, 0.143066, 0.151536, 0.158173, 0.163668)","(0.062043, 0.084468, 0.099897, 0.109467, 0.116418, 0.121830, 0.126355)",0.018607634087574893,0.13490542306982237,0.10125571926092279,64.61150205546411,0.9292970423040718,"(0.082038, 0.108843, 0.127213, 0.139247, 0.148768, 0.156366, 0.162997)","(0.060540, 0.081510, 0.096736, 0.106823, 0.114843, 0.121331, 0.127007)",,,,,,,
swinLstm_B,epoch,131,0,SwinLSTM,14,7,./checkpoints/swinLstm_B.pt,0.019100254193503172,0.13810504051798947,0.10337960355459376,63.46983919752405,0.9806510289298728,"(0.084633, 0.113241, 0.131919, 0.143491, 0.152114, 0.158927, 0.164544)","(0.062269, 0.084660, 0.100241, 0.109839, 0.116958, 0.122541, 0.127151)",0.01894890314674583,0.13610739389370227,0.10203304706976332,60.88884324040906,0.9281875943315441,"(0.082274, 0.109471, 0.127953, 0.140358, 0.150078, 0.158082, 0.165036)","(0.060919, 0.082015, 0.097284, 0.107556, 0.115678, 0.122424, 0.128355)",,,,,,,
swinLstm_B,epoch,132,0,SwinLSTM,14,7,./checkpoints/swinLstm_B.pt,0.01911869128432838,0.1381742898999841,0.10348956913073012,63.66124621857988,0.9806324509864158,"(0.085057, 0.113342, 0.131912, 0.143458, 0.152130, 0.158919, 0.164675)","(0.062698, 0.084776, 0.100279, 0.109841, 0.117034, 0.122578, 0.127221)",0.018831881260948962,0.13545079991735262,0.10182977185167115,59.05136775970459,0.9266481933922603,"(0.082597, 0.109041, 0.127676, 0.139709, 0.149354, 0.157053, 0.163774)","(0.061305, 0.081693, 0.097308, 0.107312, 0.115481, 0.121986, 0.127723)",,,,,,,
swinLstm_B,epoch,133,0,SwinLSTM,14,7,./checkpoints/swinLstm_B.pt,0.019011607938545182,0.13779281521756273,0.10316897417478105,63.401062681319864,0.9807310890644154,"(0.084851, 0.113146, 0.131776, 0.143273, 0.151733, 0.158291, 0.163892)","(0.062472, 0.084594, 0.100107, 0.109654, 0.116652, 0.122079, 0.126625)",0.01904158149685325,0.1362734524340465,0.10187300089104422,61.46893494704674,0.9297190534657446,"(0.082502, 0.109676, 0.128144, 0.140444, 0.150186, 0.158220, 0.165298)","(0.060660, 0.081727, 0.097074, 0.107332, 0.115560, 0.122371, 0.128388)",,,,,,,
swinLstm_B,epoch,134,1,SwinLSTM,14,7,./checkpoints/swinLstm_B.pt,0.01880667531030609,0.13706909484243882,0.10258913388911714,63.235774080804056,0.9809313644754126,"(0.084318, 0.112851, 0.131248, 0.142562, 0.150949, 0.157426, 0.162758)","(0.062004, 0.084300, 0.099679, 0.109083, 0.115999, 0.121355, 0.125703)",0.01860154421743134,0.1347117095158018,0.10035379308051076,61.2160556398589,0.9302846172760273,"(0.082217, 0.108817, 0.127045, 0.139098, 0.148463, 0.156079, 0.162613)","(0.060418, 0.080999, 0.095911, 0.105878, 0.113654, 0.120055, 0.125562)",,,,,,,
swinLstm_B,epoch,135,0,SwinLSTM,14,7,./checkpoints/swinLstm_B.pt,0.018918520354844155,0.1374704781595018,0.10286389219951123,63.24474083109105,0.9807847110514946,"(0.084545, 0.112915, 0.131517, 0.142922, 0.151342, 0.157974, 0.163494)","(0.062235, 0.084420, 0.099886, 0.109341, 0.116291, 0.121697, 0.126177)",0.01957957324539793,0.13796165508442912,0.10442595363690935,59.77352356088573,0.9248747681749279,"(0.083521, 0.110676, 0.129491, 0.142062, 0.152106, 0.160367, 0.167684)","(0.062452, 0.083558, 0.099331, 0.109907, 0.118452, 0.125497, 0.131786)",,,,,,,
swinLstm_B,epoch,136,1,SwinLSTM,14,7,./checkpoints/swinLstm_B.pt,0.018872980721928972,0.13731020567352498,0.10276979029654189,63.3179882942362,0.9808333690496202,"(0.084436, 0.112877, 0.131296, 0.142750, 0.151134, 0.157774, 0.163348)","(0.062107, 0.084371, 0.099725, 0.109239, 0.116168, 0.121612, 0.126167)",0.01838815679516772,0.1341285196871593,0.10004926447210641,60.456943150224355,0.9307177395656191,"(0.081502, 0.108429, 0.126630, 0.138552, 0.147862, 0.155394, 0.161824)","(0.060110, 0.080797, 0.095844, 0.105607, 0.113333, 0.119618, 0.125035)",,,,,,,
swinLstm_B,epoch,137,0,SwinLSTM,14,7,./checkpoints/swinLstm_B.pt,0.01907627695695834,0.13803541168979186,0.10337629577422396,63.3490359123717,0.9806300116346237,"(0.084847, 0.113170, 0.131835, 0.143409, 0.151991, 0.158756, 0.164470)","(0.062493, 0.084655, 0.100198, 0.109810, 0.116899, 0.122471, 0.127107)",0.01952930233152262,0.13779603664217324,0.10482949994761369,59.159584571575294,0.9220883270789837,"(0.083629, 0.110581, 0.129338, 0.141988, 0.151940, 0.160134, 0.167216)","(0.062705, 0.083893, 0.099743, 0.110446, 0.118962, 0.125975, 0.132081)",,,,,,,
swinLstm_B,epoch,138,0,SwinLSTM,14,7,./checkpoints/swinLstm_B.pt,0.018952225310173123,0.137591260598675,0.10298848183865243,63.25758059481357,0.9807681742500751,"(0.084545, 0.113030, 0.131634, 0.143111, 0.151468, 0.158121, 0.163618)","(0.062278, 0.084543, 0.099997, 0.109472, 0.116406, 0.121838, 0.126385)",0.018982184793928575,0.1365079715334136,0.1024754008856313,62.8447175848073,0.9287806091637447,"(0.083245, 0.109779, 0.128286, 0.140710, 0.150439, 0.158482, 0.165398)","(0.061929, 0.082470, 0.097672, 0.107932, 0.115996, 0.122747, 0.128581)",,,,,,,
swinLstm_B,epoch,139,0,SwinLSTM,14,7,./checkpoints/swinLstm_B.pt,0.018780710140956527,0.13696706715830428,0.10252846428688536,63.22825243117961,0.9809260682222691,"(0.084283, 0.112796, 0.131139, 0.142470, 0.150733, 0.157234, 0.162768)","(0.062010, 0.084322, 0.099622, 0.109038, 0.115848, 0.121157, 0.125702)",0.019306332370715922,0.1370036283443714,0.10356541568862981,59.988257539683374,0.9248208341927364,"(0.082619, 0.110146, 0.128771, 0.141273, 0.151102, 0.159177, 0.166209)","(0.061585, 0.082995, 0.098639, 0.109168, 0.117556, 0.124467, 0.130547)",,,,,,,
swinLstm_B,epoch,140,0,SwinLSTM,14,7,./checkpoints/swinLstm_B.pt,0.01897567717675516,0.1376665590446828,0.10307301168746137,63.075637350691125,0.9807384762358158,"(0.084434, 0.113136, 0.131621, 0.143148, 0.151569, 0.158213, 0.163842)","(0.062102, 0.084640, 0.100036, 0.109605, 0.116544, 0.122014, 0.126570)",0.018676155551882654,0.13502465933561325,0.1016665802433573,60.94811551324253,0.9278774508114519,"(0.082265, 0.108671, 0.126946, 0.139268, 0.148785, 0.156736, 0.163486)","(0.061001, 0.081670, 0.096948, 0.107228, 0.115216, 0.121943, 0.127661)",,,,,,,
swinLstm_B,epoch,141,0,SwinLSTM,14,7,./checkpoints/swinLstm_B.pt,0.018788039852726333,0.1369810035523522,0.10255474529843381,63.07682416794148,0.9809901536779201,"(0.084301, 0.112748, 0.131121, 0.142517, 0.150779, 0.157240, 0.162785)","(0.062054, 0.084270, 0.099619, 0.109073, 0.115941, 0.121218, 0.125707)",0.018939275326656884,0.13593263538746997,0.10261149216314842,60.4023270442568,0.9250315818293341,"(0.081525, 0.109081, 0.127655, 0.140125, 0.150008, 0.158082, 0.165097)","(0.060513, 0.082192, 0.097747, 0.108210, 0.116597, 0.123477, 0.129545)",,,,,,,
swinLstm_B,epoch,142,0,SwinLSTM,14,7,./checkpoints/swinLstm_B.pt,0.018878987911058232,0.13731026653131068,0.10277321661247853,63.11201420236141,0.9808704447239003,"(0.084489, 0.112855, 0.131294, 0.142752, 0.151212, 0.157740, 0.163311)","(0.062211, 0.084358, 0.099742, 0.109234, 0.116206, 0.121540, 0.126122)",0.019296582226223987,0.13711840042780185,0.10385182936643732,60.598223488906335,0.923922573697978,"(0.082576, 0.109926, 0.128670, 0.141266, 0.151272, 0.159481, 0.166623)","(0.061599, 0.083048, 0.098838, 0.109459, 0.117976, 0.124949, 0.131095)",,,,,,,
swinLstm_B,epoch,143,0,SwinLSTM,14,7,./checkpoints/swinLstm_B.pt,0.018633384267462694,0.1364290012590248,0.10210928495259995,62.93935982724454,0.9810615806503499,"(0.084112, 0.112624, 0.130791, 0.141920, 0.150104, 0.156518, 0.161822)","(0.061811, 0.084128, 0.099265, 0.108587, 0.115359, 0.120647, 0.124969)",0.019305622397825635,0.1371635196023974,0.1039085051622884,60.08395181853196,0.9230450186236151,"(0.082406, 0.109806, 0.128673, 0.141246, 0.151328, 0.159592, 0.166842)","(0.061486, 0.082985, 0.098864, 0.109471, 0.118071, 0.125111, 0.131372)",,,,,,,
swinLstm_B,epoch,144,0,SwinLSTM,14,7,./checkpoints/swinLstm_B.pt,0.01886659967118597,0.13727189333205175,0.10282788952772921,63.256663565940045,0.9808567505567631,"(0.084246, 0.112879, 0.131375, 0.142687, 0.151133, 0.157749, 0.163254)","(0.061997, 0.084418, 0.099900, 0.109280, 0.116272, 0.121699, 0.126230)",0.020482128373636253,0.14091800487247005,0.1073033737725225,62.60548022697712,0.9212845872188437,"(0.085999, 0.111893, 0.131960, 0.144488, 0.155440, 0.164056, 0.172128)","(0.064659, 0.084734, 0.101815, 0.112440, 0.121919, 0.129289, 0.136267)",,,,,,,
swinLstm_B,epoch,145,1,SwinLSTM,14,7,./checkpoints/swinLstm_B.pt,0.018718923238958133,0.13674293891641712,0.10239891482001924,63.124990037147036,0.9810014376614956,"(0.084030, 0.112607, 0.130955, 0.142304, 0.150600, 0.157021, 0.162316)","(0.061797, 0.084178, 0.099484, 0.108934, 0.115820, 0.121142, 0.125436)",0.018059826038520913,0.1329175200441788,0.09900695419517057,58.61198274020491,0.9316342986863235,"(0.080335, 0.107597, 0.125469, 0.137373, 0.146527, 0.154013, 0.160377)","(0.059045, 0.080206, 0.094928, 0.104684, 0.112190, 0.118364, 0.123632)",,,,,,,
swinLstm_B,epoch,146,0,SwinLSTM,14,7,./checkpoints/swinLstm_B.pt,0.018906627296212505,0.13741727112665958,0.10291491314134699,63.203104952548415,0.9808230216198779,"(0.084488, 0.112805, 0.131389, 0.142866, 0.151349, 0.157968, 0.163463)","(0.062198, 0.084328, 0.099849, 0.109377, 0.116418, 0.121866, 0.126369)",0.01879432482709145,0.13541841686799608,0.10156039662402251,57.242953629329286,0.9291981808070479,"(0.083344, 0.109308, 0.128048, 0.139659, 0.149191, 0.156673, 0.163272)","(0.061943, 0.081806, 0.097388, 0.106935, 0.114939, 0.121182, 0.126731)",,,,,,,
swinLstm_B,epoch,147,0,SwinLSTM,14,7,./checkpoints/swinLstm_B.pt,0.01867847575092728,0.13656477259841945,0.10223619116747633,62.843485061158525,0.9810664989846818,"(0.083956, 0.112525, 0.130853, 0.142102, 0.150305, 0.156786, 0.162123)","(0.061721, 0.084126, 0.099457, 0.108784, 0.115525, 0.120843, 0.125198)",0.019487041466195006,0.13770463651624218,0.10441179342311004,62.31293658552499,0.9239613865983898,"(0.083111, 0.110644, 0.129433, 0.141978, 0.151891, 0.160001, 0.167053)","(0.061858, 0.083625, 0.099446, 0.110163, 0.118636, 0.125572, 0.131581)",,,,,,,
swinLstm_B,epoch,148,0,SwinLSTM,14,7,./checkpoints/swinLstm_B.pt,0.01884595067933836,0.1371731708314391,0.10275091397318434,63.05363508995543,0.9808596806957367,"(0.084294, 0.112720, 0.131225, 0.142620, 0.150978, 0.157609, 0.163177)","(0.062074, 0.084328, 0.099741, 0.109231, 0.116194, 0.121607, 0.126080)",0.01918117799956737,0.136600977131005,0.1026233843174474,62.96237860054806,0.9282652098557045,"(0.081974, 0.109642, 0.128065, 0.140661, 0.150609, 0.158935, 0.166299)","(0.060607, 0.082204, 0.097511, 0.108098, 0.116499, 0.123585, 0.129860)",,,,,,,
swinLstm_B,epoch,149,0,SwinLSTM,14,7,./checkpoints/swinLstm_B.pt,0.018826365728486092,0.13713038348528386,0.10275121659357497,63.185893058776855,0.9808939863392647,"(0.084431, 0.112843, 0.131264, 0.142527, 0.150913, 0.157543, 0.162999)","(0.062192, 0.084455, 0.099852, 0.109199, 0.116088, 0.121498, 0.125975)",0.01891693863054288,0.13579980977650347,0.10210301264606673,62.70210548927044,0.9284829353464061,"(0.082541, 0.109351, 0.128004, 0.140077, 0.149709, 0.157514, 0.164301)","(0.061242, 0.082102, 0.097562, 0.107677, 0.115747, 0.122346, 0.128046)",,,,,,,
swinLstm_B,epoch,150,0,SwinLSTM,14,7,./checkpoints/swinLstm_B.pt,0.018916439027228255,0.13744586522815389,0.10297057405114174,63.411856955670295,0.9808274304613154,"(0.084630, 0.112871, 0.131479, 0.142870, 0.151342, 0.157920, 0.163481)","(0.062349, 0.084410, 0.099921, 0.109417, 0.116440, 0.121854, 0.126403)",0.01909228311530475,0.13633276368009634,0.10337860008765912,59.05640335740714,0.9247363148064449,"(0.082849, 0.109416, 0.128270, 0.140484, 0.150393, 0.158276, 0.165256)","(0.061890, 0.082635, 0.098683, 0.108944, 0.117410, 0.124066, 0.130023)",,,,,,,
swinLstm_B,epoch,151,0,SwinLSTM,14,7,./checkpoints/swinLstm_B.pt,0.018631144050270953,0.13641207245653636,0.10209190084579144,62.72458518819606,0.9810615641639587,"(0.083874, 0.112528, 0.130828, 0.141964, 0.150132, 0.156525, 0.161809)","(0.061635, 0.084104, 0.099368, 0.108607, 0.115344, 0.120615, 0.124971)",0.019801627282567066,0.1385127223771194,0.10435502359579349,63.757343818401466,0.9264110018467081,"(0.083842, 0.110768, 0.129855, 0.142399, 0.152721, 0.161168, 0.168721)","(0.062339, 0.083276, 0.099202, 0.109673, 0.118424, 0.125565, 0.132006)",,,,,,,
swinLstm_B,epoch,152,0,SwinLSTM,14,7,./checkpoints/swinLstm_B.pt,0.018541297112452858,0.13608443610230378,0.10190091951888927,62.778303065198536,0.9812025665602786,"(0.083741, 0.112332, 0.130499, 0.141706, 0.149791, 0.156044, 0.161332)","(0.061533, 0.083978, 0.099154, 0.108464, 0.115176, 0.120351, 0.124650)",0.01939838177299705,0.1374949304194286,0.10432167299862566,61.0501147303088,0.9223235619479212,"(0.082806, 0.109864, 0.128849, 0.141554, 0.151717, 0.160063, 0.167306)","(0.061838, 0.083172, 0.099213, 0.109936, 0.118582, 0.125653, 0.131858)",,,,,,,
swinLstm_B,epoch,153,0,SwinLSTM,14,7,./checkpoints/swinLstm_B.pt,0.018554843674869613,0.1361425320155554,0.10192933492362499,62.60280572607162,0.9811790988166281,"(0.083615, 0.112396, 0.130632, 0.141701, 0.149927, 0.156141, 0.161429)","(0.061452, 0.083987, 0.099266, 0.108485, 0.115272, 0.120373, 0.124670)",0.018466690731845026,0.13423867626436825,0.10071534868972055,59.153127177008265,0.9298647909328855,"(0.081842, 0.108452, 0.126600, 0.138528, 0.147872, 0.155545, 0.162186)","(0.060422, 0.081069, 0.096183, 0.106179, 0.114096, 0.120651, 0.126407)",,,,,,,
swinLstm_B,epoch,154,0,SwinLSTM,14,7,./checkpoints/swinLstm_B.pt,0.01872676126460763,0.1367617307658248,0.10245042215002344,63.25318843760389,0.9810072608450626,"(0.084588, 0.112598, 0.131058, 0.142188, 0.150475, 0.156891, 0.162406)","(0.062310, 0.084178, 0.099573, 0.108830, 0.115716, 0.121001, 0.125544)",0.01841114479084981,0.13416563847969318,0.10045897215604782,61.06351553160569,0.9297376850555683,"(0.080979, 0.108120, 0.126176, 0.138447, 0.147880, 0.155812, 0.162529)","(0.059858, 0.081036, 0.095885, 0.106019, 0.113814, 0.120470, 0.126131)",,,,,,,
swinLstm_B,epoch,155,0,SwinLSTM,14,7,./checkpoints/swinLstm_B.pt,0.01865337317452786,0.13649877374010969,0.10218925163783926,62.77001271349319,0.9810805450728599,"(0.083656, 0.112309, 0.130635, 0.141991, 0.150293, 0.156874, 0.162216)","(0.061480, 0.083984, 0.099310, 0.108722, 0.115572, 0.120953, 0.125303)",0.01899820835939769,0.13601587995372968,0.10273756523584497,58.11962571637384,0.9268845915794373,"(0.082309, 0.109480, 0.127965, 0.140291, 0.149965, 0.157912, 0.164796)","(0.061057, 0.082292, 0.097855, 0.108324, 0.116659, 0.123512, 0.129465)",,,,,,,
swinLstm_B,epoch,156,0,SwinLSTM,14,7,./checkpoints/swinLstm_B.pt,0.018396777635876167,0.1355560831245142,0.10147135839500326,62.48171932139295,0.9813443656931532,"(0.083482, 0.112117, 0.130165, 0.141224, 0.149196, 0.155351, 0.160462)","(0.061330, 0.083782, 0.098850, 0.108067, 0.114683, 0.119730, 0.123858)",0.018552774980921168,0.13449223468015933,0.10080008825351452,62.268878805226294,0.9291974018360006,"(0.081801, 0.108862, 0.126920, 0.138950, 0.148198, 0.155799, 0.162236)","(0.060471, 0.081409, 0.096420, 0.106428, 0.114189, 0.120613, 0.126070)",,,,,,,
swinLstm_B,epoch,157,0,SwinLSTM,14,7,./checkpoints/swinLstm_B.pt,0.018480822572762026,0.13586117488696078,0.10169426605422446,62.57119637347282,0.981260153841465,"(0.083669, 0.112222, 0.130335, 0.141403, 0.149484, 0.155812, 0.161074)","(0.061496, 0.083859, 0.098996, 0.108217, 0.114892, 0.120056, 0.124344)",0.019333733791678118,0.13712324998502073,0.10389607913535216,60.38024119673104,0.9232433767154299,"(0.082327, 0.109790, 0.128447, 0.141218, 0.151265, 0.159634, 0.166894)","(0.061382, 0.083009, 0.098713, 0.109513, 0.118067, 0.125179, 0.131409)",,,,,,,
swinLstm_B,epoch,158,0,SwinLSTM,14,7,./checkpoints/swinLstm_B.pt,0.018534479439853035,0.13605888510808248,0.1018730012026239,62.77822322033821,0.9811655745861378,"(0.083660, 0.112248, 0.130503, 0.141590, 0.149711, 0.156105, 0.161436)","(0.061446, 0.083930, 0.099176, 0.108409, 0.115117, 0.120363, 0.124671)",0.019965850956866454,0.13920594417843327,0.10515656373624144,57.2436402748371,0.9247802105443231,"(0.083264, 0.110432, 0.129610, 0.142779, 0.153494, 0.162665, 0.170949)","(0.062098, 0.083173, 0.099243, 0.110342, 0.119492, 0.127329, 0.134419)",,,,,,,
swinLstm_B,epoch,159,0,SwinLSTM,14,7,./checkpoints/swinLstm_B.pt,0.018576283958998133,0.13621354074873296,0.10197713245895315,62.52328123944871,0.9811163585870823,"(0.083666, 0.112268, 0.130523, 0.141737, 0.149977, 0.156327, 0.161707)","(0.061514, 0.083915, 0.099184, 0.108511, 0.115285, 0.120525, 0.124905)",0.01922430512334766,0.13677269168968859,0.10312515471515984,58.52765596324,0.9257220112044235,"(0.082019, 0.109285, 0.128124, 0.140786, 0.150871, 0.159317, 0.166700)","(0.061144, 0.082398, 0.098166, 0.108628, 0.117079, 0.124117, 0.130344)",,,,,,,
swinLstm_B,epoch,160,0,SwinLSTM,14,7,./checkpoints/swinLstm_B.pt,0.018404474278832687,0.13559222460711337,0.10147355520661841,62.396632052482445,0.9812714267284313,"(0.083488, 0.112099, 0.130180, 0.141159, 0.149232, 0.155470, 0.160583)","(0.061309, 0.083752, 0.098851, 0.107990, 0.114665, 0.119768, 0.123980)",0.018959138526356424,0.13585258814795265,0.10105566654739709,58.388929071097536,0.9311441162536884,"(0.081280, 0.109227, 0.127634, 0.140060, 0.149770, 0.157951, 0.165128)","(0.059413, 0.081084, 0.096229, 0.106571, 0.114727, 0.121658, 0.127708)",,,,,,,
swinLstm_B,epoch,161,1,SwinLSTM,14,7,./checkpoints/swinLstm_B.pt,0.018473780822959987,0.13583606086855965,0.10174761641215771,62.56038761138916,0.9812802780181804,"(0.083664, 0.112155, 0.130369, 0.141395, 0.149494, 0.155765, 0.160995)","(0.061532, 0.083852, 0.099090, 0.108277, 0.114973, 0.120100, 0.124408)",0.01810639624580227,0.13291000574827194,0.09997109786189835,58.96440397459885,0.9303537257786455,"(0.080865, 0.107674, 0.125508, 0.137322, 0.146394, 0.153890, 0.160306)","(0.059651, 0.080685, 0.095617, 0.105600, 0.113291, 0.119710, 0.125244)",,,,,,,
swinLstm_B,epoch,162,0,SwinLSTM,14,7,./checkpoints/swinLstm_B.pt,0.01842566131257472,0.13565902189897228,0.10153367021616469,62.41266260755823,0.9813191285158726,"(0.083530, 0.112065, 0.130269, 0.141359, 0.149392, 0.155490, 0.160557)","(0.061366, 0.083754, 0.098918, 0.108137, 0.114804, 0.119824, 0.123933)",0.018686075341598742,0.13508879496105786,0.10186006719696111,62.98748700372104,0.9279960558332246,"(0.082547, 0.108611, 0.127239, 0.139257, 0.148921, 0.156702, 0.163471)","(0.061413, 0.081627, 0.097287, 0.107304, 0.115476, 0.122051, 0.127863)",,,,,,,
swinLstm_B,epoch,163,0,SwinLSTM,14,7,./checkpoints/swinLstm_B.pt,0.018456311698289627,0.13576645710516919,0.10168167960612064,62.539312484416556,0.9812471295924897,"(0.083686, 0.112209, 0.130362, 0.141376, 0.149351, 0.155572, 0.160857)","(0.061522, 0.083889, 0.099090, 0.108245, 0.114819, 0.119958, 0.124249)",0.01860994672210052,0.13479822951144185,0.10120538519374256,59.37063519708042,0.9292315573527895,"(0.081412, 0.108420, 0.126882, 0.139054, 0.148693, 0.156510, 0.163299)","(0.060254, 0.081353, 0.096738, 0.106821, 0.114853, 0.121363, 0.127056)",,,,,,,
swinLstm_B,epoch,164,0,SwinLSTM,14,7,./checkpoints/swinLstm_B.pt,0.0185534974926726,0.1361221838599641,0.1019382477202948,62.68753516420405,0.9811705366728154,"(0.083959, 0.112266, 0.130559, 0.141612, 0.149750, 0.156081, 0.161539)","(0.061740, 0.083933, 0.099195, 0.108405, 0.115133, 0.120334, 0.124828)",0.019015878984897303,0.1360083176144238,0.10282559050568219,59.08333584357952,0.9254112181992367,"(0.082102, 0.109183, 0.127934, 0.140125, 0.150027, 0.157998, 0.165053)","(0.061072, 0.082307, 0.098163, 0.108383, 0.116805, 0.123517, 0.129532)",,,,,,,
swinLstm_B,epoch,165,0,SwinLSTM,14,7,./checkpoints/swinLstm_B.pt,0.018616252658056453,0.13634596886616115,0.10215151848945211,62.752948131967095,0.9811320758246361,"(0.083997, 0.112422, 0.130781, 0.141936, 0.149985, 0.156356, 0.161789)","(0.061851, 0.084105, 0.099466, 0.108694, 0.115375, 0.120596, 0.124973)",0.018876040466772073,0.13549648250999122,0.10237721996060734,60.61588392586544,0.9269079216595354,"(0.082454, 0.109307, 0.127964, 0.139940, 0.149490, 0.156995, 0.163478)","(0.061529, 0.082418, 0.098086, 0.108070, 0.116133, 0.122446, 0.127959)",,,,,,,
swinLstm_B,epoch,166,0,SwinLSTM,14,7,./checkpoints/swinLstm_B.pt,0.0184890614881953,0.13589490982525196,0.1017859354218904,62.64510917663574,0.9812228933293768,"(0.083971, 0.112182, 0.130358, 0.141401, 0.149461, 0.155798, 0.161130)","(0.061834, 0.083893, 0.099071, 0.108264, 0.114927, 0.120078, 0.124434)",0.018404480583708863,0.13398820290277744,0.1011014334086714,59.81848479961527,0.9292826282566992,"(0.081916, 0.108254, 0.126589, 0.138324, 0.147635, 0.155123, 0.161609)","(0.060943, 0.081367, 0.096826, 0.106641, 0.114550, 0.120905, 0.126477)",,,,,,,
swinLstm_B,epoch,167,1,SwinLSTM,14,7,./checkpoints/swinLstm_B.pt,0.01835318525975689,0.1353998892410467,0.10143121462711628,62.12394172587293,0.9814021067416414,"(0.083567, 0.111990, 0.129977, 0.140938, 0.148961, 0.155158, 0.160381)","(0.061389, 0.083755, 0.098789, 0.107933, 0.114582, 0.119679, 0.123893)",0.018029587664480866,0.13279509724214159,0.09895712368447206,60.38275406278413,0.9318366770086617,"(0.080073, 0.107407, 0.125482, 0.137269, 0.146429, 0.153872, 0.160250)","(0.058829, 0.079999, 0.094861, 0.104607, 0.112194, 0.118436, 0.123774)",,,,,,,
swinLstm_B,epoch,168,0,SwinLSTM,14,7,./checkpoints/swinLstm_B.pt,0.018256597181266928,0.1350469332501449,0.10109094740386973,62.187421372596255,0.9814820920533323,"(0.083046, 0.111858, 0.129765, 0.140734, 0.148621, 0.154662, 0.159802)","(0.060960, 0.083555, 0.098550, 0.107681, 0.114265, 0.119226, 0.123401)",0.01888881090643077,0.1356483867456173,0.10253442695428586,61.34717454581425,0.9259056880556303,"(0.081450, 0.108953, 0.127592, 0.139960, 0.149725, 0.157631, 0.164449)","(0.060628, 0.082215, 0.097889, 0.108255, 0.116506, 0.123197, 0.129050)",,,,,,,
swinLstm_B,epoch,169,0,SwinLSTM,14,7,./checkpoints/swinLstm_B.pt,0.018412479853376428,0.13561284373868884,0.1015881875410993,62.609823815366056,0.9813099801540375,"(0.083568, 0.112034, 0.130241, 0.141283, 0.149211, 0.155415, 0.160627)","(0.061475, 0.083761, 0.099022, 0.108157, 0.114749, 0.119851, 0.124103)",0.01896050853397826,0.13583319685582457,0.10127349197864532,62.284941870590735,0.9303609461619936,"(0.082439, 0.108901, 0.127886, 0.139793, 0.149714, 0.157692, 0.164934)","(0.061051, 0.081118, 0.096746, 0.106463, 0.114701, 0.121362, 0.127474)",,,,,,,
swinLstm_B,epoch,170,0,SwinLSTM,14,7,./checkpoints/swinLstm_B.pt,0.018521456840507527,0.13600339642814435,0.10187900268492546,62.68615848460096,0.9812109102594092,"(0.083857, 0.112248, 0.130443, 0.141486, 0.149592, 0.155943, 0.161357)","(0.061706, 0.083949, 0.099181, 0.108392, 0.115047, 0.120250, 0.124629)",0.018693676282619608,0.13526161708708467,0.10107020853922286,60.356940105043606,0.9306398424608954,"(0.080991, 0.108245, 0.126712, 0.139253, 0.149076, 0.157537, 0.164896)","(0.059688, 0.080925, 0.096097, 0.106513, 0.114630, 0.121735, 0.127903)",,,,,,,
swinLstm_B,epoch,171,0,SwinLSTM,14,7,./checkpoints/swinLstm_B.pt,0.018341999198805463,0.13534786747377214,0.10134961234128222,62.362081405964304,0.9813850125733842,"(0.083327, 0.111879, 0.129989, 0.140898, 0.148945, 0.155133, 0.160314)","(0.061235, 0.083651, 0.098766, 0.107824, 0.114501, 0.119620, 0.123850)",0.01944074092497086,0.13766466055450768,0.10422793750105233,60.75279788313241,0.9242295602272297,"(0.082281, 0.109688, 0.128602, 0.141606, 0.151834, 0.160590, 0.168296)","(0.061318, 0.082851, 0.098775, 0.109738, 0.118430, 0.125914, 0.132569)",,,,,,,
swinLstm_B,epoch,172,0,SwinLSTM,14,7,./checkpoints/swinLstm_B.pt,0.01823277640691463,0.13493707535067703,0.10103666374182448,62.19066658425838,0.9814972934570718,"(0.083181, 0.111815, 0.129768, 0.140702, 0.148495, 0.154483, 0.159434)","(0.061079, 0.083539, 0.098570, 0.107687, 0.114146, 0.119095, 0.123140)",0.01890741590538929,0.13556193431903577,0.10226150550718965,57.564330594293004,0.9281924449164292,"(0.082083, 0.109246, 0.127469, 0.139898, 0.149347, 0.157387, 0.164194)","(0.060883, 0.082152, 0.097363, 0.107930, 0.115948, 0.122858, 0.128697)",,,,,,,
swinLstm_B,epoch,173,0,SwinLSTM,14,7,./checkpoints/swinLstm_B.pt,0.01826912296955731,0.1350722108231469,0.10113372233636836,62.090626047012655,0.9814757485973075,"(0.083501, 0.111868, 0.129844, 0.140697, 0.148507, 0.154710, 0.159741)","(0.061272, 0.083581, 0.098616, 0.107709, 0.114180, 0.119262, 0.123317)",0.018578653400442725,0.13452997726613078,0.10103917121887207,60.48216287020979,0.9298868528727827,"(0.081317, 0.108279, 0.126682, 0.138746, 0.148314, 0.156135, 0.162985)","(0.059956, 0.080995, 0.096410, 0.106589, 0.114714, 0.121377, 0.127232)",,,,,,,
swinLstm_B,epoch,174,0,SwinLSTM,14,7,./checkpoints/swinLstm_B.pt,0.01815893704646287,0.1346838377330653,0.10085109744141711,61.99696374446788,0.9816036170467417,"(0.083082, 0.111582, 0.129555, 0.140394, 0.148228, 0.154204, 0.159109)","(0.061047, 0.083411, 0.098423, 0.107442, 0.113921, 0.118836, 0.122878)",0.019153005555914395,0.1364527051818782,0.1036534476382979,57.938176812796755,0.9232853877133337,"(0.082310, 0.109348, 0.127923, 0.140594, 0.150401, 0.158748, 0.165869)","(0.061241, 0.082645, 0.098442, 0.109316, 0.117745, 0.124981, 0.131203)",,,,,,,
swinLstm_B,epoch,175,0,SwinLSTM,14,7,./checkpoints/swinLstm_B.pt,0.018364775356182708,0.13543490668992245,0.10142865650197293,62.13495090159964,0.9813883028765942,"(0.083469, 0.111896, 0.130042, 0.141095, 0.149043, 0.155152, 0.160432)","(0.061325, 0.083637, 0.098814, 0.108001, 0.114645, 0.119640, 0.123939)",0.019337981489711796,0.13736310241551236,0.10430995734601185,57.91809318805563,0.9237574996619389,"(0.081681, 0.109276, 0.128501, 0.141338, 0.151696, 0.160261, 0.167815)","(0.061149, 0.082844, 0.099141, 0.109927, 0.118711, 0.125960, 0.132438)",,,,,,,
swinLstm_B,epoch,176,0,SwinLSTM,14,7,./checkpoints/swinLstm_B.pt,0.018333559424834365,0.13529491946344493,0.10135381090197157,62.32275244530211,0.9813998195719211,"(0.083380, 0.111836, 0.129969, 0.140898, 0.148880, 0.155001, 0.160227)","(0.061297, 0.083627, 0.098800, 0.107878, 0.114487, 0.119546, 0.123841)",0.019312130801122766,0.13726029134002224,0.10365928863656931,61.88172665957747,0.9262673834274555,"(0.082031, 0.109362, 0.128372, 0.141149, 0.151402, 0.160079, 0.167729)","(0.061207, 0.082498, 0.098433, 0.109108, 0.117728, 0.125057, 0.131585)",,,,,,,
swinLstm_B,epoch,177,0,SwinLSTM,14,7,./checkpoints/swinLstm_B.pt,0.0183665553414996,0.13544526575285668,0.10151221551635164,62.43017992060235,0.9813589811959165,"(0.083630, 0.111966, 0.130137, 0.141070, 0.149024, 0.155157, 0.160318)","(0.061478, 0.083732, 0.098934, 0.108073, 0.114687, 0.119740, 0.123940)",0.01856988018121699,0.1348217579311338,0.10123060695056257,62.53723160973911,0.9301538857920416,"(0.080932, 0.108318, 0.126560, 0.139089, 0.148660, 0.156782, 0.163739)","(0.059910, 0.081394, 0.096437, 0.106918, 0.114804, 0.121650, 0.127500)",,,,,,,
swinLstm_B,epoch,178,0,SwinLSTM,14,7,./checkpoints/swinLstm_B.pt,0.01829923592270055,0.13519350847337894,0.10124509718189849,62.25211569603453,0.9814566751109793,"(0.083155, 0.111713, 0.129864, 0.140835, 0.148818, 0.154955, 0.160077)","(0.061070, 0.083501, 0.098646, 0.107851, 0.114469, 0.119505, 0.123674)",0.019822267044720978,0.13877415297360257,0.10562914430067458,58.72683863804258,0.9217755876738449,"(0.083854, 0.110530, 0.129536, 0.142712, 0.152884, 0.161842, 0.169473)","(0.062992, 0.083881, 0.099961, 0.111191, 0.119821, 0.127498, 0.134060)",,,,,,,
swinLstm_B,epoch,179,0,SwinLSTM,14,7,./checkpoints/swinLstm_B.pt,0.018222819969176927,0.13491632486062538,0.10109434641422109,62.26440289679994,0.9815100478999158,"(0.083177, 0.111723, 0.129742, 0.140618, 0.148481, 0.154506, 0.159466)","(0.061140, 0.083488, 0.098619, 0.107684, 0.114251, 0.119208, 0.123270)",0.018788999717297226,0.1352536650053386,0.10157554262670977,58.84669073696794,0.9295172115852093,"(0.081829, 0.108803, 0.127338, 0.139445, 0.149074, 0.157017, 0.163970)","(0.060660, 0.081569, 0.096991, 0.107065, 0.115137, 0.121849, 0.127758)",,,,,,,
swinLstm_B,epoch,180,0,SwinLSTM,14,7,./checkpoints/swinLstm_B.pt,0.01813364262256692,0.13458451141520247,0.10077601334357515,62.00795238576037,0.9815945200463558,"(0.083116, 0.111664, 0.129511, 0.140326, 0.148051, 0.154064, 0.158865)","(0.061029, 0.083448, 0.098370, 0.107375, 0.113808, 0.118742, 0.122661)",0.018328050183581895,0.13365941212095064,0.1001810141164681,58.94078623015305,0.9302637741483492,"(0.080469, 0.107808, 0.125875, 0.137996, 0.147351, 0.155124, 0.161843)","(0.059367, 0.080725, 0.095741, 0.105816, 0.113608, 0.120139, 0.125871)",,,,,,,
swinLstm_B,epoch,181,0,SwinLSTM,14,7,./checkpoints/swinLstm_B.pt,0.018167230637466655,0.13471340033032234,0.10094420144215543,62.04992949708979,0.9815922956517402,"(0.083553, 0.111614, 0.129574, 0.140352, 0.148153, 0.154142, 0.159164)","(0.061464, 0.083458, 0.098478, 0.107468, 0.113935, 0.118854, 0.122953)",0.019274933392117763,0.13697942911550917,0.10388383962984743,57.99652796778186,0.9229060904733066,"(0.082222, 0.109253, 0.128477, 0.141055, 0.151230, 0.159487, 0.166727)","(0.061327, 0.082651, 0.098893, 0.109543, 0.118194, 0.125199, 0.131380)",,,,,,,
swinLstm_B,epoch,182,0,SwinLSTM,14,7,./checkpoints/swinLstm_B.pt,0.0183589923730556,0.13541651858836956,0.1014912827931186,62.45286819782663,0.9813592443440823,"(0.083476, 0.111847, 0.130017, 0.140979, 0.149032, 0.155163, 0.160497)","(0.061387, 0.083645, 0.098859, 0.108018, 0.114700, 0.119737, 0.124093)",0.019166332252066712,0.13657773337487517,0.10336786071802008,60.76670169830322,0.9242321561122763,"(0.082181, 0.108913, 0.127752, 0.140550, 0.150537, 0.159163, 0.166604)","(0.061116, 0.082122, 0.098029, 0.108897, 0.117403, 0.124788, 0.131219)",,,,,,,
swinLstm_B,epoch,183,0,SwinLSTM,14,7,./checkpoints/swinLstm_B.pt,0.018216078858228124,0.13489680917241909,0.1010372909776708,61.95953657272014,0.9814752803203908,"(0.083321, 0.111688, 0.129639, 0.140478, 0.148355, 0.154451, 0.159673)","(0.061287, 0.083491, 0.098538, 0.107560, 0.114075, 0.119053, 0.123257)",0.019661952002808965,0.13826660709134464,0.10522203352944605,58.00282784166007,0.9209303177636246,"(0.083424, 0.109719, 0.129328, 0.142162, 0.152597, 0.161237, 0.168761)","(0.062722, 0.083194, 0.099858, 0.110696, 0.119610, 0.126996, 0.133479)",,,,,,,
swinLstm_B,epoch,184,0,SwinLSTM,14,7,./checkpoints/swinLstm_B.pt,0.0180749980623814,0.13436879696118262,0.10066158776270583,61.973342428816125,0.9816241800150973,"(0.083051, 0.111451, 0.129313, 0.140080, 0.147748, 0.153776, 0.158704)","(0.060995, 0.083288, 0.098262, 0.107253, 0.113642, 0.118605, 0.122587)",0.018734871474062574,0.13514058805745224,0.10183284945529082,58.65653955525365,0.9276465855795761,"(0.081304, 0.108324, 0.127187, 0.139332, 0.149092, 0.157073, 0.163999)","(0.060391, 0.081428, 0.097308, 0.107420, 0.115640, 0.122358, 0.128285)",,,,,,,
swinLstm_B,epoch,185,0,SwinLSTM,14,7,./checkpoints/swinLstm_B.pt,0.01811943266124643,0.1345386002050201,0.1007557138008006,61.892394025275046,0.981624333782399,"(0.082968, 0.111530, 0.129438, 0.140310, 0.148020, 0.153983, 0.158912)","(0.060959, 0.083339, 0.098354, 0.107385, 0.113782, 0.118707, 0.122766)",0.019132945317261178,0.13621861513318687,0.10241151601076126,58.40978217947072,0.9284981345308239,"(0.083201, 0.109373, 0.128133, 0.140211, 0.150063, 0.158092, 0.165228)","(0.061739, 0.081987, 0.097691, 0.107780, 0.116064, 0.122797, 0.128822)",,,,,,,
swinLstm_B,epoch,186,0,SwinLSTM,14,7,./checkpoints/swinLstm_B.pt,0.018247621822507776,0.13501038894381087,0.10114652956736848,62.22492552818136,0.9815095298467799,"(0.083363, 0.111715, 0.129701, 0.140568, 0.148454, 0.154673, 0.159846)","(0.061283, 0.083546, 0.098591, 0.107632, 0.114177, 0.119320, 0.123477)",0.01937835157752551,0.13724338802798042,0.10400378267312872,59.98426134832974,0.9261833429336548,"(0.082934, 0.110180, 0.128846, 0.141575, 0.151272, 0.159550, 0.166600)","(0.061921, 0.083305, 0.098952, 0.109760, 0.117970, 0.125052, 0.131067)",,,,,,,
swinLstm_B,epoch,187,0,SwinLSTM,14,7,./checkpoints/swinLstm_B.pt,0.018275260746954604,0.1350948459446911,0.10123320748197272,62.15449327103635,0.9814323079078755,"(0.083473, 0.111701, 0.129683, 0.140649, 0.148602, 0.154809, 0.160009)","(0.061375, 0.083547, 0.098631, 0.107741, 0.114301, 0.119408, 0.123630)",0.01833875515851481,0.13369095942069745,0.10048132415475516,58.43960022104198,0.9304240407614872,"(0.081303, 0.108063, 0.126112, 0.138165, 0.147322, 0.154930, 0.161328)","(0.060230, 0.081163, 0.096096, 0.106222, 0.113837, 0.120241, 0.125581)",,,,,,,
swinLstm_B,best_test,167,1,SwinLSTM,14,7,./checkpoints/swinLstm_B.pt,,,,,,,,,0.13279509724214159,,,,,,0.0130467239992115,0.11217557356275361,0.08189898215491197,48.19088051236909,0.9292296335614961,"(0.061241, 0.082061, 0.100287, 0.114011, 0.125383, 0.135000, 0.143128)","(0.045079, 0.060581, 0.074956, 0.085847, 0.094964, 0.102666, 0.109199)"
